timestamp,logger_sys,Record
2024-10-16 00:00:00,FIN-PIPE-V1,SAP-DE-Tech-2023Q1-MarketCap-1154.9B
2024-10-16 00:00:00,FIN-PIPE-V1,SAP-DE-Tech-2023Q1-Revenue-475.6B
2024-10-16 00:00:00,FIN-PIPE-V1,SAP-DE-Tech-2023Q1-EBITDA-146.7B
2023-04-25 00:00:00,FIN-PIPE-V1,SAP-DE-Tech-2023Q2-MarketCap-1816.0B
2023-04-25 00:00:00,FIN-PIPE-V1,SAP-DE-Tech-2023Q2-Revenue-82.2B
2023-04-25 00:00:00,FIN-PIPE-V1,SAP-DE-Tech-2023Q2-EBITDA-32.0B
2023-01-26 00:00:00,FIN-PIPE-V1,SAP-DE-Tech-2023Q3-MarketCap-221.3B
2023-01-26 00:00:00,FIN-PIPE-V1,SAP-DE-Tech-2023Q3-Revenue-433.8B
2023-01-26 00:00:00,FIN-PIPE-V1,SAP-DE-Tech-2023Q3-EBITDA-120.6B
2023-10-09 00:00:00,FIN-PIPE-V1,SAP-DE-Tech-2023Q4-MarketCap-2138.8B
2023-10-09 00:00:00,FIN-PIPE-V1,SAP-DE-Tech-2023Q4-Revenue-15.2B
2023-10-09 00:00:00,FIN-PIPE-V1,SAP-DE-Tech-2023Q4-EBITDA-194.0B
2023-09-08 00:00:00,FIN-PIPE-V1,SAP-DE-Tech-2024Q1-MarketCap-2505.7B
2023-09-08 00:00:00,FIN-PIPE-V1,SAP-DE-Tech-2024Q1-Revenue-110.1B
2023-09-08 00:00:00,FIN-PIPE-V1,SAP-DE-Tech-2024Q1-EBITDA-37.2B
2023-08-17 00:00:00,FIN-PIPE-V1,SAP-DE-Tech-2024Q2-MarketCap-591.0B
2023-08-17 00:00:00,FIN-PIPE-V1,SAP-DE-Tech-2024Q2-Revenue-155.6B
2023-08-17 00:00:00,FIN-PIPE-V1,SAP-DE-Tech-2024Q2-EBITDA-105.4B
2023-05-23 00:00:00,FIN-PIPE-V1,SAP-DE-Tech-2024Q3-MarketCap-1324.2B
2023-05-23 00:00:00,FIN-PIPE-V1,SAP-DE-Tech-2024Q3-Revenue-149.2B
2023-05-23 00:00:00,FIN-PIPE-V1,SAP-DE-Tech-2024Q3-EBITDA-122.8B
2023-04-15 00:00:00,FIN-PIPE-V1,SAP-DE-Tech-2024Q4-MarketCap-461.5B
2023-04-15 00:00:00,FIN-PIPE-V1,SAP-DE-Tech-2024Q4-Revenue-149.6B
2023-04-15 00:00:00,FIN-PIPE-V1,SAP-DE-Tech-2024Q4-EBITDA-73.9B
2024-11-23 00:00:00,FIN-PIPE-V1,Siemens-DE-Industrial-2023Q1-MarketCap-1395.4B
2024-11-23 00:00:00,FIN-PIPE-V1,Siemens-DE-Industrial-2023Q1-Revenue-393.7B
2024-11-23 00:00:00,FIN-PIPE-V1,Siemens-DE-Industrial-2023Q1-EBITDA-40.7B
2024-07-12 00:00:00,FIN-PIPE-V1,Siemens-DE-Industrial-2023Q2-MarketCap-1567.0B
2024-07-12 00:00:00,FIN-PIPE-V1,Siemens-DE-Industrial-2023Q2-Revenue-298.2B
2024-07-12 00:00:00,FIN-PIPE-V1,Siemens-DE-Industrial-2023Q2-EBITDA-10.2B
2023-03-31 00:00:00,FIN-PIPE-V1,Siemens-DE-Industrial-2023Q3-MarketCap-1842.3B
2023-03-31 00:00:00,FIN-PIPE-V1,Siemens-DE-Industrial-2023Q3-Revenue-89.4B
2023-03-31 00:00:00,FIN-PIPE-V1,Siemens-DE-Industrial-2023Q3-EBITDA-13.9B
2024-08-27 00:00:00,FIN-PIPE-V1,Siemens-DE-Industrial-2023Q4-MarketCap-2849.2B
2024-08-27 00:00:00,FIN-PIPE-V1,Siemens-DE-Industrial-2023Q4-Revenue-483.0B
2024-08-27 00:00:00,FIN-PIPE-V1,Siemens-DE-Industrial-2023Q4-EBITDA-161.9B
2024-03-08 00:00:00,FIN-PIPE-V1,Siemens-DE-Industrial-2024Q1-MarketCap-948.6B
2024-03-08 00:00:00,FIN-PIPE-V1,Siemens-DE-Industrial-2024Q1-Revenue-53.3B
2024-03-08 00:00:00,FIN-PIPE-V1,Siemens-DE-Industrial-2024Q1-EBITDA-137.2B
2023-02-02 00:00:00,FIN-PIPE-V1,Siemens-DE-Industrial-2024Q2-MarketCap-1348.4B
2023-02-02 00:00:00,FIN-PIPE-V1,Siemens-DE-Industrial-2024Q2-Revenue-65.4B
2023-02-02 00:00:00,FIN-PIPE-V1,Siemens-DE-Industrial-2024Q2-EBITDA-99.5B
2023-01-31 00:00:00,FIN-PIPE-V1,Siemens-DE-Industrial-2024Q3-MarketCap-151.4B
2023-01-31 00:00:00,FIN-PIPE-V1,Siemens-DE-Industrial-2024Q3-Revenue-455.1B
2023-01-31 00:00:00,FIN-PIPE-V1,Siemens-DE-Industrial-2024Q3-EBITDA-52.5B
2023-04-06 00:00:00,FIN-PIPE-V1,Siemens-DE-Industrial-2024Q4-MarketCap-2004.4B
2023-04-06 00:00:00,FIN-PIPE-V1,Siemens-DE-Industrial-2024Q4-Revenue-159.3B
2023-04-06 00:00:00,FIN-PIPE-V1,Siemens-DE-Industrial-2024Q4-EBITDA-104.5B
2023-08-12 00:00:00,FIN-PIPE-V1,Allianz-DE-Finance-2023Q1-MarketCap-1662.8B
2023-08-12 00:00:00,FIN-PIPE-V1,Allianz-DE-Finance-2023Q1-Revenue-96.5B
2023-08-12 00:00:00,FIN-PIPE-V1,Allianz-DE-Finance-2023Q1-EBITDA-193.9B
2023-08-27 00:00:00,FIN-PIPE-V1,Allianz-DE-Finance-2023Q2-MarketCap-2336.6B
2023-08-27 00:00:00,FIN-PIPE-V1,Allianz-DE-Finance-2023Q2-Revenue-470.1B
2023-08-27 00:00:00,FIN-PIPE-V1,Allianz-DE-Finance-2023Q2-EBITDA-179.1B
2024-06-01 00:00:00,FIN-PIPE-V1,Allianz-DE-Finance-2023Q3-MarketCap-1813.8B
2024-06-01 00:00:00,FIN-PIPE-V1,Allianz-DE-Finance-2023Q3-Revenue-461.3B
2024-06-01 00:00:00,FIN-PIPE-V1,Allianz-DE-Finance-2023Q3-EBITDA-18.6B
2024-09-08 00:00:00,FIN-PIPE-V1,Allianz-DE-Finance-2023Q4-MarketCap-628.1B
2024-09-08 00:00:00,FIN-PIPE-V1,Allianz-DE-Finance-2023Q4-Revenue-27.4B
2024-09-08 00:00:00,FIN-PIPE-V1,Allianz-DE-Finance-2023Q4-EBITDA-65.7B
2023-01-28 00:00:00,FIN-PIPE-V1,Allianz-DE-Finance-2024Q1-MarketCap-1196.6B
2023-01-28 00:00:00,FIN-PIPE-V1,Allianz-DE-Finance-2024Q1-Revenue-139.3B
2023-01-28 00:00:00,FIN-PIPE-V1,Allianz-DE-Finance-2024Q1-EBITDA-165.9B
2024-07-28 00:00:00,FIN-PIPE-V1,Allianz-DE-Finance-2024Q2-MarketCap-1102.4B
2024-07-28 00:00:00,FIN-PIPE-V1,Allianz-DE-Finance-2024Q2-Revenue-144.1B
2024-07-28 00:00:00,FIN-PIPE-V1,Allianz-DE-Finance-2024Q2-EBITDA-109.0B
2023-07-23 00:00:00,FIN-PIPE-V1,Allianz-DE-Finance-2024Q3-MarketCap-465.7B
2023-07-23 00:00:00,FIN-PIPE-V1,Allianz-DE-Finance-2024Q3-Revenue-402.1B
2023-07-23 00:00:00,FIN-PIPE-V1,Allianz-DE-Finance-2024Q3-EBITDA-15.8B
2024-10-27 00:00:00,FIN-PIPE-V1,Allianz-DE-Finance-2024Q4-MarketCap-2961.3B
2024-10-27 00:00:00,FIN-PIPE-V1,Allianz-DE-Finance-2024Q4-Revenue-387.3B
2024-10-27 00:00:00,FIN-PIPE-V1,Allianz-DE-Finance-2024Q4-EBITDA-40.5B
2024-12-19 00:00:00,FIN-PIPE-V1,BMW-DE-Automotive-2023Q1-MarketCap-66.3B
2024-12-19 00:00:00,FIN-PIPE-V1,BMW-DE-Automotive-2023Q1-Revenue-408.7B
2024-12-19 00:00:00,FIN-PIPE-V1,BMW-DE-Automotive-2023Q1-EBITDA-141.7B
2024-07-12 00:00:00,FIN-PIPE-V1,BMW-DE-Automotive-2023Q2-MarketCap-2200.6B
2024-07-12 00:00:00,FIN-PIPE-V1,BMW-DE-Automotive-2023Q2-Revenue-386.8B
2024-07-12 00:00:00,FIN-PIPE-V1,BMW-DE-Automotive-2023Q2-EBITDA-15.7B
2024-03-05 00:00:00,FIN-PIPE-V1,BMW-DE-Automotive-2023Q3-MarketCap-1107.5B
2024-03-05 00:00:00,FIN-PIPE-V1,BMW-DE-Automotive-2023Q3-Revenue-62.4B
2024-03-05 00:00:00,FIN-PIPE-V1,BMW-DE-Automotive-2023Q3-EBITDA-172.8B
2023-08-14 00:00:00,FIN-PIPE-V1,BMW-DE-Automotive-2023Q4-MarketCap-1888.7B
2023-08-14 00:00:00,FIN-PIPE-V1,BMW-DE-Automotive-2023Q4-Revenue-168.8B
2023-08-14 00:00:00,FIN-PIPE-V1,BMW-DE-Automotive-2023Q4-EBITDA-13.6B
2024-04-04 00:00:00,FIN-PIPE-V1,BMW-DE-Automotive-2024Q1-MarketCap-967.4B
2024-04-04 00:00:00,FIN-PIPE-V1,BMW-DE-Automotive-2024Q1-Revenue-166.0B
2024-04-04 00:00:00,FIN-PIPE-V1,BMW-DE-Automotive-2024Q1-EBITDA-146.2B
2024-08-26 00:00:00,FIN-PIPE-V1,BMW-DE-Automotive-2024Q2-MarketCap-1930.8B
2024-08-26 00:00:00,FIN-PIPE-V1,BMW-DE-Automotive-2024Q2-Revenue-444.2B
2024-08-26 00:00:00,FIN-PIPE-V1,BMW-DE-Automotive-2024Q2-EBITDA-95.0B
2023-10-12 00:00:00,FIN-PIPE-V1,BMW-DE-Automotive-2024Q3-MarketCap-402.8B
2023-10-12 00:00:00,FIN-PIPE-V1,BMW-DE-Automotive-2024Q3-Revenue-358.1B
2023-10-12 00:00:00,FIN-PIPE-V1,BMW-DE-Automotive-2024Q3-EBITDA-152.4B
2023-01-07 00:00:00,FIN-PIPE-V1,BMW-DE-Automotive-2024Q4-MarketCap-1705.8B
2023-01-07 00:00:00,FIN-PIPE-V1,BMW-DE-Automotive-2024Q4-Revenue-386.6B
2023-01-07 00:00:00,FIN-PIPE-V1,BMW-DE-Automotive-2024Q4-EBITDA-99.3B
2023-06-13 00:00:00,FIN-PIPE-V1,Apple-US-Tech-2023Q1-MarketCap-1592.1B
2023-06-13 00:00:00,FIN-PIPE-V1,Apple-US-Tech-2023Q1-Revenue-216.6B
2023-06-13 00:00:00,FIN-PIPE-V1,Apple-US-Tech-2023Q1-EBITDA-6.1B
2024-12-15 00:00:00,FIN-PIPE-V1,Apple-US-Tech-2023Q2-MarketCap-368.3B
2024-12-15 00:00:00,FIN-PIPE-V1,Apple-US-Tech-2023Q2-Revenue-20.6B
2024-12-15 00:00:00,FIN-PIPE-V1,Apple-US-Tech-2023Q2-EBITDA-127.6B
2024-03-08 00:00:00,FIN-PIPE-V1,Apple-US-Tech-2023Q3-MarketCap-977.4B
2024-03-08 00:00:00,FIN-PIPE-V1,Apple-US-Tech-2023Q3-Revenue-256.7B
2024-03-08 00:00:00,FIN-PIPE-V1,Apple-US-Tech-2023Q3-EBITDA-181.6B
2023-12-15 00:00:00,FIN-PIPE-V1,Apple-US-Tech-2023Q4-MarketCap-785.4B
2023-12-15 00:00:00,FIN-PIPE-V1,Apple-US-Tech-2023Q4-Revenue-208.1B
2023-12-15 00:00:00,FIN-PIPE-V1,Apple-US-Tech-2023Q4-EBITDA-151.4B
2023-10-12 00:00:00,FIN-PIPE-V1,Apple-US-Tech-2024Q1-MarketCap-725.0B
2023-10-12 00:00:00,FIN-PIPE-V1,Apple-US-Tech-2024Q1-Revenue-43.1B
2023-10-12 00:00:00,FIN-PIPE-V1,Apple-US-Tech-2024Q1-EBITDA-58.7B
2023-06-09 00:00:00,FIN-PIPE-V1,Apple-US-Tech-2024Q2-MarketCap-525.6B
2023-06-09 00:00:00,FIN-PIPE-V1,Apple-US-Tech-2024Q2-Revenue-465.2B
2023-06-09 00:00:00,FIN-PIPE-V1,Apple-US-Tech-2024Q2-EBITDA-161.8B
2023-08-09 00:00:00,FIN-PIPE-V1,Apple-US-Tech-2024Q3-MarketCap-1918.5B
2023-08-09 00:00:00,FIN-PIPE-V1,Apple-US-Tech-2024Q3-Revenue-436.4B
2023-08-09 00:00:00,FIN-PIPE-V1,Apple-US-Tech-2024Q3-EBITDA-160.9B
2023-12-11 00:00:00,FIN-PIPE-V1,Apple-US-Tech-2024Q4-MarketCap-600.4B
2023-12-11 00:00:00,FIN-PIPE-V1,Apple-US-Tech-2024Q4-Revenue-446.8B
2023-12-11 00:00:00,FIN-PIPE-V1,Apple-US-Tech-2024Q4-EBITDA-108.3B
2023-04-15 00:00:00,FIN-PIPE-V1,Microsoft-US-Tech-2023Q1-MarketCap-2431.9B
2023-04-15 00:00:00,FIN-PIPE-V1,Microsoft-US-Tech-2023Q1-Revenue-448.6B
2023-04-15 00:00:00,FIN-PIPE-V1,Microsoft-US-Tech-2023Q1-EBITDA-64.3B
2023-04-05 00:00:00,FIN-PIPE-V1,Microsoft-US-Tech-2023Q2-MarketCap-374.7B
2023-04-05 00:00:00,FIN-PIPE-V1,Microsoft-US-Tech-2023Q2-Revenue-117.8B
2023-04-05 00:00:00,FIN-PIPE-V1,Microsoft-US-Tech-2023Q2-EBITDA-86.0B
2024-01-25 00:00:00,FIN-PIPE-V1,Microsoft-US-Tech-2023Q3-MarketCap-2463.1B
2024-01-25 00:00:00,FIN-PIPE-V1,Microsoft-US-Tech-2023Q3-Revenue-431.1B
2024-01-25 00:00:00,FIN-PIPE-V1,Microsoft-US-Tech-2023Q3-EBITDA-2.4B
2023-04-10 00:00:00,FIN-PIPE-V1,Microsoft-US-Tech-2023Q4-MarketCap-1556.7B
2023-04-10 00:00:00,FIN-PIPE-V1,Microsoft-US-Tech-2023Q4-Revenue-211.6B
2023-04-10 00:00:00,FIN-PIPE-V1,Microsoft-US-Tech-2023Q4-EBITDA-45.2B
2024-01-03 00:00:00,FIN-PIPE-V1,Microsoft-US-Tech-2024Q1-MarketCap-403.6B
2024-01-03 00:00:00,FIN-PIPE-V1,Microsoft-US-Tech-2024Q1-Revenue-172.1B
2024-01-03 00:00:00,FIN-PIPE-V1,Microsoft-US-Tech-2024Q1-EBITDA-188.6B
2023-12-19 00:00:00,FIN-PIPE-V1,Microsoft-US-Tech-2024Q2-MarketCap-1003.4B
2023-12-19 00:00:00,FIN-PIPE-V1,Microsoft-US-Tech-2024Q2-Revenue-261.8B
2023-12-19 00:00:00,FIN-PIPE-V1,Microsoft-US-Tech-2024Q2-EBITDA-140.9B
2024-09-10 00:00:00,FIN-PIPE-V1,Microsoft-US-Tech-2024Q3-MarketCap-1122.7B
2024-09-10 00:00:00,FIN-PIPE-V1,Microsoft-US-Tech-2024Q3-Revenue-486.0B
2024-09-10 00:00:00,FIN-PIPE-V1,Microsoft-US-Tech-2024Q3-EBITDA-192.5B
2023-09-28 00:00:00,FIN-PIPE-V1,Microsoft-US-Tech-2024Q4-MarketCap-792.8B
2023-09-28 00:00:00,FIN-PIPE-V1,Microsoft-US-Tech-2024Q4-Revenue-251.1B
2023-09-28 00:00:00,FIN-PIPE-V1,Microsoft-US-Tech-2024Q4-EBITDA-60.9B
2023-02-14 00:00:00,FIN-PIPE-V1,Amazon-US-Tech-2023Q1-MarketCap-890.3B
2023-02-14 00:00:00,FIN-PIPE-V1,Amazon-US-Tech-2023Q1-Revenue-23.3B
2023-02-14 00:00:00,FIN-PIPE-V1,Amazon-US-Tech-2023Q1-EBITDA-122.3B
2024-04-15 00:00:00,FIN-PIPE-V1,Amazon-US-Tech-2023Q2-MarketCap-1532.9B
2024-04-15 00:00:00,FIN-PIPE-V1,Amazon-US-Tech-2023Q2-Revenue-30.5B
2024-04-15 00:00:00,FIN-PIPE-V1,Amazon-US-Tech-2023Q2-EBITDA-56.5B
2024-07-03 00:00:00,FIN-PIPE-V1,Amazon-US-Tech-2023Q3-MarketCap-2729.4B
2024-07-03 00:00:00,FIN-PIPE-V1,Amazon-US-Tech-2023Q3-Revenue-123.6B
2024-07-03 00:00:00,FIN-PIPE-V1,Amazon-US-Tech-2023Q3-EBITDA-29.8B
2023-05-08 00:00:00,FIN-PIPE-V1,Amazon-US-Tech-2023Q4-MarketCap-1493.9B
2023-05-08 00:00:00,FIN-PIPE-V1,Amazon-US-Tech-2023Q4-Revenue-492.9B
2023-05-08 00:00:00,FIN-PIPE-V1,Amazon-US-Tech-2023Q4-EBITDA-49.2B
2024-01-23 00:00:00,FIN-PIPE-V1,Amazon-US-Tech-2024Q1-MarketCap-2032.8B
2024-01-23 00:00:00,FIN-PIPE-V1,Amazon-US-Tech-2024Q1-Revenue-382.0B
2024-01-23 00:00:00,FIN-PIPE-V1,Amazon-US-Tech-2024Q1-EBITDA-48.3B
2023-03-22 00:00:00,FIN-PIPE-V1,Amazon-US-Tech-2024Q2-MarketCap-2198.2B
2023-03-22 00:00:00,FIN-PIPE-V1,Amazon-US-Tech-2024Q2-Revenue-187.1B
2023-03-22 00:00:00,FIN-PIPE-V1,Amazon-US-Tech-2024Q2-EBITDA-126.8B
2024-07-19 00:00:00,FIN-PIPE-V1,Amazon-US-Tech-2024Q3-MarketCap-1918.9B
2024-07-19 00:00:00,FIN-PIPE-V1,Amazon-US-Tech-2024Q3-Revenue-270.2B
2024-07-19 00:00:00,FIN-PIPE-V1,Amazon-US-Tech-2024Q3-EBITDA-19.0B
2023-10-28 00:00:00,FIN-PIPE-V1,Amazon-US-Tech-2024Q4-MarketCap-2514.1B
2023-10-28 00:00:00,FIN-PIPE-V1,Amazon-US-Tech-2024Q4-Revenue-163.8B
2023-10-28 00:00:00,FIN-PIPE-V1,Amazon-US-Tech-2024Q4-EBITDA-38.1B
2024-10-05 00:00:00,FIN-PIPE-V1,Tesla-US-Automotive-2023Q1-MarketCap-170.3B
2024-10-05 00:00:00,FIN-PIPE-V1,Tesla-US-Automotive-2023Q1-Revenue-297.5B
2024-10-05 00:00:00,FIN-PIPE-V1,Tesla-US-Automotive-2023Q1-EBITDA-135.8B
2024-09-25 00:00:00,FIN-PIPE-V1,Tesla-US-Automotive-2023Q2-MarketCap-98.9B
2024-09-25 00:00:00,FIN-PIPE-V1,Tesla-US-Automotive-2023Q2-Revenue-258.5B
2024-09-25 00:00:00,FIN-PIPE-V1,Tesla-US-Automotive-2023Q2-EBITDA-46.1B
2024-01-06 00:00:00,FIN-PIPE-V1,Tesla-US-Automotive-2023Q3-MarketCap-1953.3B
2024-01-06 00:00:00,FIN-PIPE-V1,Tesla-US-Automotive-2023Q3-Revenue-91.3B
2024-01-06 00:00:00,FIN-PIPE-V1,Tesla-US-Automotive-2023Q3-EBITDA-138.5B
2024-08-14 00:00:00,FIN-PIPE-V1,Tesla-US-Automotive-2023Q4-MarketCap-1190.9B
2024-08-14 00:00:00,FIN-PIPE-V1,Tesla-US-Automotive-2023Q4-Revenue-468.7B
2024-08-14 00:00:00,FIN-PIPE-V1,Tesla-US-Automotive-2023Q4-EBITDA-28.4B
2023-07-16 00:00:00,FIN-PIPE-V1,Tesla-US-Automotive-2024Q1-MarketCap-1056.1B
2023-07-16 00:00:00,FIN-PIPE-V1,Tesla-US-Automotive-2024Q1-Revenue-61.2B
2023-07-16 00:00:00,FIN-PIPE-V1,Tesla-US-Automotive-2024Q1-EBITDA-185.0B
2024-12-22 00:00:00,FIN-PIPE-V1,Tesla-US-Automotive-2024Q2-MarketCap-2638.2B
2024-12-22 00:00:00,FIN-PIPE-V1,Tesla-US-Automotive-2024Q2-Revenue-132.7B
2024-12-22 00:00:00,FIN-PIPE-V1,Tesla-US-Automotive-2024Q2-EBITDA-132.3B
2023-03-13 00:00:00,FIN-PIPE-V1,Tesla-US-Automotive-2024Q3-MarketCap-2460.8B
2023-03-13 00:00:00,FIN-PIPE-V1,Tesla-US-Automotive-2024Q3-Revenue-279.8B
2023-03-13 00:00:00,FIN-PIPE-V1,Tesla-US-Automotive-2024Q3-EBITDA-106.4B
2023-02-16 00:00:00,FIN-PIPE-V1,Tesla-US-Automotive-2024Q4-MarketCap-763.5B
2023-02-16 00:00:00,FIN-PIPE-V1,Tesla-US-Automotive-2024Q4-Revenue-51.1B
2023-02-16 00:00:00,FIN-PIPE-V1,Tesla-US-Automotive-2024Q4-EBITDA-179.5B
2024-11-08 00:00:00,FIN-PIPE-V1,GoldmanSachs-US-Finance-2023Q1-MarketCap-2706.2B
2024-11-08 00:00:00,FIN-PIPE-V1,GoldmanSachs-US-Finance-2023Q1-Revenue-318.4B
2024-11-08 00:00:00,FIN-PIPE-V1,GoldmanSachs-US-Finance-2023Q1-EBITDA-68.5B
2023-08-22 00:00:00,FIN-PIPE-V1,GoldmanSachs-US-Finance-2023Q2-MarketCap-1080.2B
2023-08-22 00:00:00,FIN-PIPE-V1,GoldmanSachs-US-Finance-2023Q2-Revenue-364.3B
2023-08-22 00:00:00,FIN-PIPE-V1,GoldmanSachs-US-Finance-2023Q2-EBITDA-179.5B
2023-10-24 00:00:00,FIN-PIPE-V1,GoldmanSachs-US-Finance-2023Q3-MarketCap-2666.9B
2023-10-24 00:00:00,FIN-PIPE-V1,GoldmanSachs-US-Finance-2023Q3-Revenue-391.0B
2023-10-24 00:00:00,FIN-PIPE-V1,GoldmanSachs-US-Finance-2023Q3-EBITDA-128.8B
2023-03-23 00:00:00,FIN-PIPE-V1,GoldmanSachs-US-Finance-2023Q4-MarketCap-298.2B
2023-03-23 00:00:00,FIN-PIPE-V1,GoldmanSachs-US-Finance-2023Q4-Revenue-85.0B
2023-03-23 00:00:00,FIN-PIPE-V1,GoldmanSachs-US-Finance-2023Q4-EBITDA-179.8B
2023-08-27 00:00:00,FIN-PIPE-V1,GoldmanSachs-US-Finance-2024Q1-MarketCap-1839.0B
2023-08-27 00:00:00,FIN-PIPE-V1,GoldmanSachs-US-Finance-2024Q1-Revenue-9.6B
2023-08-27 00:00:00,FIN-PIPE-V1,GoldmanSachs-US-Finance-2024Q1-EBITDA-21.2B
2023-04-14 00:00:00,FIN-PIPE-V1,GoldmanSachs-US-Finance-2024Q2-MarketCap-2007.3B
2023-04-14 00:00:00,FIN-PIPE-V1,GoldmanSachs-US-Finance-2024Q2-Revenue-7.5B
2023-04-14 00:00:00,FIN-PIPE-V1,GoldmanSachs-US-Finance-2024Q2-EBITDA-33.0B
2024-01-25 00:00:00,FIN-PIPE-V1,GoldmanSachs-US-Finance-2024Q3-MarketCap-1668.8B
2024-01-25 00:00:00,FIN-PIPE-V1,GoldmanSachs-US-Finance-2024Q3-Revenue-347.5B
2024-01-25 00:00:00,FIN-PIPE-V1,GoldmanSachs-US-Finance-2024Q3-EBITDA-130.7B
2023-10-12 00:00:00,FIN-PIPE-V1,GoldmanSachs-US-Finance-2024Q4-MarketCap-711.6B
2023-10-12 00:00:00,FIN-PIPE-V1,GoldmanSachs-US-Finance-2024Q4-Revenue-357.5B
2023-10-12 00:00:00,FIN-PIPE-V1,GoldmanSachs-US-Finance-2024Q4-EBITDA-48.2B
2024-04-09 00:00:00,FIN-PIPE-V1,JPMorgan-US-Finance-2023Q1-MarketCap-1009.9B
2024-04-09 00:00:00,FIN-PIPE-V1,JPMorgan-US-Finance-2023Q1-Revenue-374.5B
2024-04-09 00:00:00,FIN-PIPE-V1,JPMorgan-US-Finance-2023Q1-EBITDA-130.3B
2024-10-12 00:00:00,FIN-PIPE-V1,JPMorgan-US-Finance-2023Q2-MarketCap-2555.2B
2024-10-12 00:00:00,FIN-PIPE-V1,JPMorgan-US-Finance-2023Q2-Revenue-330.5B
2024-10-12 00:00:00,FIN-PIPE-V1,JPMorgan-US-Finance-2023Q2-EBITDA-114.1B
2024-01-09 00:00:00,FIN-PIPE-V1,JPMorgan-US-Finance-2023Q3-MarketCap-326.3B
2024-01-09 00:00:00,FIN-PIPE-V1,JPMorgan-US-Finance-2023Q3-Revenue-187.0B
2024-01-09 00:00:00,FIN-PIPE-V1,JPMorgan-US-Finance-2023Q3-EBITDA-53.8B
2023-06-16 00:00:00,FIN-PIPE-V1,JPMorgan-US-Finance-2023Q4-MarketCap-769.8B
2023-06-16 00:00:00,FIN-PIPE-V1,JPMorgan-US-Finance-2023Q4-Revenue-486.6B
2023-06-16 00:00:00,FIN-PIPE-V1,JPMorgan-US-Finance-2023Q4-EBITDA-79.2B
2024-01-15 00:00:00,FIN-PIPE-V1,JPMorgan-US-Finance-2024Q1-MarketCap-2681.5B
2024-01-15 00:00:00,FIN-PIPE-V1,JPMorgan-US-Finance-2024Q1-Revenue-317.4B
2024-01-15 00:00:00,FIN-PIPE-V1,JPMorgan-US-Finance-2024Q1-EBITDA-159.2B
2023-12-30 00:00:00,FIN-PIPE-V1,JPMorgan-US-Finance-2024Q2-MarketCap-1532.8B
2023-12-30 00:00:00,FIN-PIPE-V1,JPMorgan-US-Finance-2024Q2-Revenue-290.6B
2023-12-30 00:00:00,FIN-PIPE-V1,JPMorgan-US-Finance-2024Q2-EBITDA-99.0B
2023-08-03 00:00:00,FIN-PIPE-V1,JPMorgan-US-Finance-2024Q3-MarketCap-626.0B
2023-08-03 00:00:00,FIN-PIPE-V1,JPMorgan-US-Finance-2024Q3-Revenue-362.6B
2023-08-03 00:00:00,FIN-PIPE-V1,JPMorgan-US-Finance-2024Q3-EBITDA-56.9B
2024-11-17 00:00:00,FIN-PIPE-V1,JPMorgan-US-Finance-2024Q4-MarketCap-121.7B
2024-11-17 00:00:00,FIN-PIPE-V1,JPMorgan-US-Finance-2024Q4-Revenue-324.5B
2024-11-17 00:00:00,FIN-PIPE-V1,JPMorgan-US-Finance-2024Q4-EBITDA-36.2B
2023-10-01 00:00:00,FIN-PIPE-V1,Sony-JP-Tech-2023Q1-MarketCap-2824.4B
2023-10-01 00:00:00,FIN-PIPE-V1,Sony-JP-Tech-2023Q1-Revenue-477.2B
2023-10-01 00:00:00,FIN-PIPE-V1,Sony-JP-Tech-2023Q1-EBITDA-183.1B
2024-12-19 00:00:00,FIN-PIPE-V1,Sony-JP-Tech-2023Q2-MarketCap-1142.0B
2024-12-19 00:00:00,FIN-PIPE-V1,Sony-JP-Tech-2023Q2-Revenue-12.7B
2024-12-19 00:00:00,FIN-PIPE-V1,Sony-JP-Tech-2023Q2-EBITDA-185.7B
2024-11-30 00:00:00,FIN-PIPE-V1,Sony-JP-Tech-2023Q3-MarketCap-1313.1B
2024-11-30 00:00:00,FIN-PIPE-V1,Sony-JP-Tech-2023Q3-Revenue-483.5B
2024-11-30 00:00:00,FIN-PIPE-V1,Sony-JP-Tech-2023Q3-EBITDA-192.8B
2024-10-25 00:00:00,FIN-PIPE-V1,Sony-JP-Tech-2023Q4-MarketCap-2566.4B
2024-10-25 00:00:00,FIN-PIPE-V1,Sony-JP-Tech-2023Q4-Revenue-150.8B
2024-10-25 00:00:00,FIN-PIPE-V1,Sony-JP-Tech-2023Q4-EBITDA-77.6B
2023-03-15 00:00:00,FIN-PIPE-V1,Sony-JP-Tech-2024Q1-MarketCap-2560.9B
2023-03-15 00:00:00,FIN-PIPE-V1,Sony-JP-Tech-2024Q1-Revenue-161.9B
2023-03-15 00:00:00,FIN-PIPE-V1,Sony-JP-Tech-2024Q1-EBITDA-34.7B
2024-09-15 00:00:00,FIN-PIPE-V1,Sony-JP-Tech-2024Q2-MarketCap-1692.6B
2024-09-15 00:00:00,FIN-PIPE-V1,Sony-JP-Tech-2024Q2-Revenue-468.4B
2024-09-15 00:00:00,FIN-PIPE-V1,Sony-JP-Tech-2024Q2-EBITDA-139.5B
2024-10-12 00:00:00,FIN-PIPE-V1,Sony-JP-Tech-2024Q3-MarketCap-1731.7B
2024-10-12 00:00:00,FIN-PIPE-V1,Sony-JP-Tech-2024Q3-Revenue-53.1B
2024-10-12 00:00:00,FIN-PIPE-V1,Sony-JP-Tech-2024Q3-EBITDA-123.4B
2023-06-25 00:00:00,FIN-PIPE-V1,Sony-JP-Tech-2024Q4-MarketCap-2970.7B
2023-06-25 00:00:00,FIN-PIPE-V1,Sony-JP-Tech-2024Q4-Revenue-74.3B
2023-06-25 00:00:00,FIN-PIPE-V1,Sony-JP-Tech-2024Q4-EBITDA-104.1B
2024-06-30 00:00:00,FIN-PIPE-V1,Toyota-JP-Automotive-2023Q1-MarketCap-2638.3B
2024-06-30 00:00:00,FIN-PIPE-V1,Toyota-JP-Automotive-2023Q1-Revenue-371.7B
2024-06-30 00:00:00,FIN-PIPE-V1,Toyota-JP-Automotive-2023Q1-EBITDA-139.7B
2023-09-08 00:00:00,FIN-PIPE-V1,Toyota-JP-Automotive-2023Q2-MarketCap-2122.3B
2023-09-08 00:00:00,FIN-PIPE-V1,Toyota-JP-Automotive-2023Q2-Revenue-182.9B
2023-09-08 00:00:00,FIN-PIPE-V1,Toyota-JP-Automotive-2023Q2-EBITDA-59.4B
2023-06-17 00:00:00,FIN-PIPE-V1,Toyota-JP-Automotive-2023Q3-MarketCap-2437.6B
2023-06-17 00:00:00,FIN-PIPE-V1,Toyota-JP-Automotive-2023Q3-Revenue-406.0B
2023-06-17 00:00:00,FIN-PIPE-V1,Toyota-JP-Automotive-2023Q3-EBITDA-173.5B
2024-04-18 00:00:00,FIN-PIPE-V1,Toyota-JP-Automotive-2023Q4-MarketCap-2744.1B
2024-04-18 00:00:00,FIN-PIPE-V1,Toyota-JP-Automotive-2023Q4-Revenue-258.1B
2024-04-18 00:00:00,FIN-PIPE-V1,Toyota-JP-Automotive-2023Q4-EBITDA-100.8B
2024-01-24 00:00:00,FIN-PIPE-V1,Toyota-JP-Automotive-2024Q1-MarketCap-2405.0B
2024-01-24 00:00:00,FIN-PIPE-V1,Toyota-JP-Automotive-2024Q1-Revenue-326.7B
2024-01-24 00:00:00,FIN-PIPE-V1,Toyota-JP-Automotive-2024Q1-EBITDA-140.7B
2023-10-04 00:00:00,FIN-PIPE-V1,Toyota-JP-Automotive-2024Q2-MarketCap-2397.6B
2023-10-04 00:00:00,FIN-PIPE-V1,Toyota-JP-Automotive-2024Q2-Revenue-445.6B
2023-10-04 00:00:00,FIN-PIPE-V1,Toyota-JP-Automotive-2024Q2-EBITDA-68.3B
2024-10-17 00:00:00,FIN-PIPE-V1,Toyota-JP-Automotive-2024Q3-MarketCap-1158.0B
2024-10-17 00:00:00,FIN-PIPE-V1,Toyota-JP-Automotive-2024Q3-Revenue-51.5B
2024-10-17 00:00:00,FIN-PIPE-V1,Toyota-JP-Automotive-2024Q3-EBITDA-116.1B
2024-12-05 00:00:00,FIN-PIPE-V1,Toyota-JP-Automotive-2024Q4-MarketCap-156.0B
2024-12-05 00:00:00,FIN-PIPE-V1,Toyota-JP-Automotive-2024Q4-Revenue-235.5B
2024-12-05 00:00:00,FIN-PIPE-V1,Toyota-JP-Automotive-2024Q4-EBITDA-109.0B
2024-07-24 00:00:00,FIN-PIPE-V1,SoftBank-JP-Finance-2023Q1-MarketCap-895.3B
2024-07-24 00:00:00,FIN-PIPE-V1,SoftBank-JP-Finance-2023Q1-Revenue-297.5B
2024-07-24 00:00:00,FIN-PIPE-V1,SoftBank-JP-Finance-2023Q1-EBITDA-7.1B
2023-08-13 00:00:00,FIN-PIPE-V1,SoftBank-JP-Finance-2023Q2-MarketCap-160.2B
2023-08-13 00:00:00,FIN-PIPE-V1,SoftBank-JP-Finance-2023Q2-Revenue-412.2B
2023-08-13 00:00:00,FIN-PIPE-V1,SoftBank-JP-Finance-2023Q2-EBITDA-72.7B
2024-12-02 00:00:00,FIN-PIPE-V1,SoftBank-JP-Finance-2023Q3-MarketCap-424.8B
2024-12-02 00:00:00,FIN-PIPE-V1,SoftBank-JP-Finance-2023Q3-Revenue-263.5B
2024-12-02 00:00:00,FIN-PIPE-V1,SoftBank-JP-Finance-2023Q3-EBITDA-154.2B
2023-11-29 00:00:00,FIN-PIPE-V1,SoftBank-JP-Finance-2023Q4-MarketCap-686.7B
2023-11-29 00:00:00,FIN-PIPE-V1,SoftBank-JP-Finance-2023Q4-Revenue-313.3B
2023-11-29 00:00:00,FIN-PIPE-V1,SoftBank-JP-Finance-2023Q4-EBITDA-18.0B
2023-02-27 00:00:00,FIN-PIPE-V1,SoftBank-JP-Finance-2024Q1-MarketCap-202.5B
2023-02-27 00:00:00,FIN-PIPE-V1,SoftBank-JP-Finance-2024Q1-Revenue-268.0B
2023-02-27 00:00:00,FIN-PIPE-V1,SoftBank-JP-Finance-2024Q1-EBITDA-108.6B
2023-08-23 00:00:00,FIN-PIPE-V1,SoftBank-JP-Finance-2024Q2-MarketCap-1930.4B
2023-08-23 00:00:00,FIN-PIPE-V1,SoftBank-JP-Finance-2024Q2-Revenue-364.4B
2023-08-23 00:00:00,FIN-PIPE-V1,SoftBank-JP-Finance-2024Q2-EBITDA-195.2B
2023-02-02 00:00:00,FIN-PIPE-V1,SoftBank-JP-Finance-2024Q3-MarketCap-1573.1B
2023-02-02 00:00:00,FIN-PIPE-V1,SoftBank-JP-Finance-2024Q3-Revenue-164.9B
2023-02-02 00:00:00,FIN-PIPE-V1,SoftBank-JP-Finance-2024Q3-EBITDA-159.2B
2023-11-20 00:00:00,FIN-PIPE-V1,SoftBank-JP-Finance-2024Q4-MarketCap-849.0B
2023-11-20 00:00:00,FIN-PIPE-V1,SoftBank-JP-Finance-2024Q4-Revenue-222.3B
2023-11-20 00:00:00,FIN-PIPE-V1,SoftBank-JP-Finance-2024Q4-EBITDA-16.6B
2024-02-15 00:00:00,FIN-PIPE-V1,Samsung-KR-Tech-2023Q1-MarketCap-124.8B
2024-02-15 00:00:00,FIN-PIPE-V1,Samsung-KR-Tech-2023Q1-Revenue-481.5B
2024-02-15 00:00:00,FIN-PIPE-V1,Samsung-KR-Tech-2023Q1-EBITDA-167.4B
2023-10-02 00:00:00,FIN-PIPE-V1,Samsung-KR-Tech-2023Q2-MarketCap-2103.1B
2023-10-02 00:00:00,FIN-PIPE-V1,Samsung-KR-Tech-2023Q2-Revenue-207.4B
2023-10-02 00:00:00,FIN-PIPE-V1,Samsung-KR-Tech-2023Q2-EBITDA-35.5B
2023-03-09 00:00:00,FIN-PIPE-V1,Samsung-KR-Tech-2023Q3-MarketCap-511.5B
2023-03-09 00:00:00,FIN-PIPE-V1,Samsung-KR-Tech-2023Q3-Revenue-128.9B
2023-03-09 00:00:00,FIN-PIPE-V1,Samsung-KR-Tech-2023Q3-EBITDA-110.3B
2023-08-05 00:00:00,FIN-PIPE-V1,Samsung-KR-Tech-2023Q4-MarketCap-2158.1B
2023-08-05 00:00:00,FIN-PIPE-V1,Samsung-KR-Tech-2023Q4-Revenue-331.8B
2023-08-05 00:00:00,FIN-PIPE-V1,Samsung-KR-Tech-2023Q4-EBITDA-56.7B
2024-08-03 00:00:00,FIN-PIPE-V1,Samsung-KR-Tech-2024Q1-MarketCap-2866.9B
2024-08-03 00:00:00,FIN-PIPE-V1,Samsung-KR-Tech-2024Q1-Revenue-370.3B
2024-08-03 00:00:00,FIN-PIPE-V1,Samsung-KR-Tech-2024Q1-EBITDA-111.3B
2023-11-19 00:00:00,FIN-PIPE-V1,Samsung-KR-Tech-2024Q2-MarketCap-1854.6B
2023-11-19 00:00:00,FIN-PIPE-V1,Samsung-KR-Tech-2024Q2-Revenue-212.7B
2023-11-19 00:00:00,FIN-PIPE-V1,Samsung-KR-Tech-2024Q2-EBITDA-50.3B
2023-08-06 00:00:00,FIN-PIPE-V1,Samsung-KR-Tech-2024Q3-MarketCap-1100.1B
2023-08-06 00:00:00,FIN-PIPE-V1,Samsung-KR-Tech-2024Q3-Revenue-380.1B
2023-08-06 00:00:00,FIN-PIPE-V1,Samsung-KR-Tech-2024Q3-EBITDA-3.9B
2024-11-02 00:00:00,FIN-PIPE-V1,Samsung-KR-Tech-2024Q4-MarketCap-392.4B
2024-11-02 00:00:00,FIN-PIPE-V1,Samsung-KR-Tech-2024Q4-Revenue-27.8B
2024-11-02 00:00:00,FIN-PIPE-V1,Samsung-KR-Tech-2024Q4-EBITDA-9.1B
2024-05-26 00:00:00,FIN-PIPE-V1,Hyundai-KR-Automotive-2023Q1-MarketCap-2573.6B
2024-05-26 00:00:00,FIN-PIPE-V1,Hyundai-KR-Automotive-2023Q1-Revenue-353.3B
2024-05-26 00:00:00,FIN-PIPE-V1,Hyundai-KR-Automotive-2023Q1-EBITDA-95.4B
2024-02-10 00:00:00,FIN-PIPE-V1,Hyundai-KR-Automotive-2023Q2-MarketCap-338.6B
2024-02-10 00:00:00,FIN-PIPE-V1,Hyundai-KR-Automotive-2023Q2-Revenue-248.3B
2024-02-10 00:00:00,FIN-PIPE-V1,Hyundai-KR-Automotive-2023Q2-EBITDA-95.2B
2024-10-20 00:00:00,FIN-PIPE-V1,Hyundai-KR-Automotive-2023Q3-MarketCap-560.9B
2024-10-20 00:00:00,FIN-PIPE-V1,Hyundai-KR-Automotive-2023Q3-Revenue-219.8B
2024-10-20 00:00:00,FIN-PIPE-V1,Hyundai-KR-Automotive-2023Q3-EBITDA-80.3B
2024-04-14 00:00:00,FIN-PIPE-V1,Hyundai-KR-Automotive-2023Q4-MarketCap-1866.8B
2024-04-14 00:00:00,FIN-PIPE-V1,Hyundai-KR-Automotive-2023Q4-Revenue-319.4B
2024-04-14 00:00:00,FIN-PIPE-V1,Hyundai-KR-Automotive-2023Q4-EBITDA-10.0B
2023-05-27 00:00:00,FIN-PIPE-V1,Hyundai-KR-Automotive-2024Q1-MarketCap-1155.1B
2023-05-27 00:00:00,FIN-PIPE-V1,Hyundai-KR-Automotive-2024Q1-Revenue-314.8B
2023-05-27 00:00:00,FIN-PIPE-V1,Hyundai-KR-Automotive-2024Q1-EBITDA-101.1B
2023-09-29 00:00:00,FIN-PIPE-V1,Hyundai-KR-Automotive-2024Q2-MarketCap-2576.6B
2023-09-29 00:00:00,FIN-PIPE-V1,Hyundai-KR-Automotive-2024Q2-Revenue-331.1B
2023-09-29 00:00:00,FIN-PIPE-V1,Hyundai-KR-Automotive-2024Q2-EBITDA-33.4B
2023-05-23 00:00:00,FIN-PIPE-V1,Hyundai-KR-Automotive-2024Q3-MarketCap-258.2B
2023-05-23 00:00:00,FIN-PIPE-V1,Hyundai-KR-Automotive-2024Q3-Revenue-323.0B
2023-05-23 00:00:00,FIN-PIPE-V1,Hyundai-KR-Automotive-2024Q3-EBITDA-6.3B
2023-09-10 00:00:00,FIN-PIPE-V1,Hyundai-KR-Automotive-2024Q4-MarketCap-1778.0B
2023-09-10 00:00:00,FIN-PIPE-V1,Hyundai-KR-Automotive-2024Q4-Revenue-470.4B
2023-09-10 00:00:00,FIN-PIPE-V1,Hyundai-KR-Automotive-2024Q4-EBITDA-115.5B
2024-07-28 00:00:00,FIN-PIPE-V1,Tencent-CN-Tech-2023Q1-MarketCap-1195.1B
2024-07-28 00:00:00,FIN-PIPE-V1,Tencent-CN-Tech-2023Q1-Revenue-323.4B
2024-07-28 00:00:00,FIN-PIPE-V1,Tencent-CN-Tech-2023Q1-EBITDA-92.2B
2024-07-05 00:00:00,FIN-PIPE-V1,Tencent-CN-Tech-2023Q2-MarketCap-1659.6B
2024-07-05 00:00:00,FIN-PIPE-V1,Tencent-CN-Tech-2023Q2-Revenue-471.0B
2024-07-05 00:00:00,FIN-PIPE-V1,Tencent-CN-Tech-2023Q2-EBITDA-77.8B
2023-09-27 00:00:00,FIN-PIPE-V1,Tencent-CN-Tech-2023Q3-MarketCap-2885.5B
2023-09-27 00:00:00,FIN-PIPE-V1,Tencent-CN-Tech-2023Q3-Revenue-453.1B
2023-09-27 00:00:00,FIN-PIPE-V1,Tencent-CN-Tech-2023Q3-EBITDA-40.0B
2024-08-21 00:00:00,FIN-PIPE-V1,Tencent-CN-Tech-2023Q4-MarketCap-254.6B
2024-08-21 00:00:00,FIN-PIPE-V1,Tencent-CN-Tech-2023Q4-Revenue-54.9B
2024-08-21 00:00:00,FIN-PIPE-V1,Tencent-CN-Tech-2023Q4-EBITDA-4.6B
2024-03-14 00:00:00,FIN-PIPE-V1,Tencent-CN-Tech-2024Q1-MarketCap-328.6B
2024-03-14 00:00:00,FIN-PIPE-V1,Tencent-CN-Tech-2024Q1-Revenue-343.1B
2024-03-14 00:00:00,FIN-PIPE-V1,Tencent-CN-Tech-2024Q1-EBITDA-15.2B
2024-08-20 00:00:00,FIN-PIPE-V1,Tencent-CN-Tech-2024Q2-MarketCap-991.0B
2024-08-20 00:00:00,FIN-PIPE-V1,Tencent-CN-Tech-2024Q2-Revenue-423.2B
2024-08-20 00:00:00,FIN-PIPE-V1,Tencent-CN-Tech-2024Q2-EBITDA-5.6B
2024-02-13 00:00:00,FIN-PIPE-V1,Tencent-CN-Tech-2024Q3-MarketCap-2452.7B
2024-02-13 00:00:00,FIN-PIPE-V1,Tencent-CN-Tech-2024Q3-Revenue-144.5B
2024-02-13 00:00:00,FIN-PIPE-V1,Tencent-CN-Tech-2024Q3-EBITDA-24.5B
2024-01-06 00:00:00,FIN-PIPE-V1,Tencent-CN-Tech-2024Q4-MarketCap-2105.4B
2024-01-06 00:00:00,FIN-PIPE-V1,Tencent-CN-Tech-2024Q4-Revenue-316.3B
2024-01-06 00:00:00,FIN-PIPE-V1,Tencent-CN-Tech-2024Q4-EBITDA-175.6B
2023-08-13 00:00:00,FIN-PIPE-V1,Alibaba-CN-Tech-2023Q1-MarketCap-2218.5B
2023-08-13 00:00:00,FIN-PIPE-V1,Alibaba-CN-Tech-2023Q1-Revenue-402.7B
2023-08-13 00:00:00,FIN-PIPE-V1,Alibaba-CN-Tech-2023Q1-EBITDA-57.1B
2023-05-22 00:00:00,FIN-PIPE-V1,Alibaba-CN-Tech-2023Q2-MarketCap-573.4B
2023-05-22 00:00:00,FIN-PIPE-V1,Alibaba-CN-Tech-2023Q2-Revenue-376.6B
2023-05-22 00:00:00,FIN-PIPE-V1,Alibaba-CN-Tech-2023Q2-EBITDA-161.6B
2024-06-05 00:00:00,FIN-PIPE-V1,Alibaba-CN-Tech-2023Q3-MarketCap-2972.0B
2024-06-05 00:00:00,FIN-PIPE-V1,Alibaba-CN-Tech-2023Q3-Revenue-209.2B
2024-06-05 00:00:00,FIN-PIPE-V1,Alibaba-CN-Tech-2023Q3-EBITDA-75.0B
2024-05-20 00:00:00,FIN-PIPE-V1,Alibaba-CN-Tech-2023Q4-MarketCap-2340.4B
2024-05-20 00:00:00,FIN-PIPE-V1,Alibaba-CN-Tech-2023Q4-Revenue-173.7B
2024-05-20 00:00:00,FIN-PIPE-V1,Alibaba-CN-Tech-2023Q4-EBITDA-186.2B
2023-04-04 00:00:00,FIN-PIPE-V1,Alibaba-CN-Tech-2024Q1-MarketCap-2582.3B
2023-04-04 00:00:00,FIN-PIPE-V1,Alibaba-CN-Tech-2024Q1-Revenue-217.4B
2023-04-04 00:00:00,FIN-PIPE-V1,Alibaba-CN-Tech-2024Q1-EBITDA-150.4B
2023-02-18 00:00:00,FIN-PIPE-V1,Alibaba-CN-Tech-2024Q2-MarketCap-2275.9B
2023-02-18 00:00:00,FIN-PIPE-V1,Alibaba-CN-Tech-2024Q2-Revenue-56.0B
2023-02-18 00:00:00,FIN-PIPE-V1,Alibaba-CN-Tech-2024Q2-EBITDA-180.6B
2023-04-23 00:00:00,FIN-PIPE-V1,Alibaba-CN-Tech-2024Q3-MarketCap-1540.5B
2023-04-23 00:00:00,FIN-PIPE-V1,Alibaba-CN-Tech-2024Q3-Revenue-414.1B
2023-04-23 00:00:00,FIN-PIPE-V1,Alibaba-CN-Tech-2024Q3-EBITDA-64.7B
2023-06-06 00:00:00,FIN-PIPE-V1,Alibaba-CN-Tech-2024Q4-MarketCap-2691.8B
2023-06-06 00:00:00,FIN-PIPE-V1,Alibaba-CN-Tech-2024Q4-Revenue-197.7B
2023-06-06 00:00:00,FIN-PIPE-V1,Alibaba-CN-Tech-2024Q4-EBITDA-3.2B
2024-10-04 00:00:00,FIN-PIPE-V1,ICBC-CN-Finance-2023Q1-MarketCap-2720.9B
2024-10-04 00:00:00,FIN-PIPE-V1,ICBC-CN-Finance-2023Q1-Revenue-50.2B
2024-10-04 00:00:00,FIN-PIPE-V1,ICBC-CN-Finance-2023Q1-EBITDA-64.5B
2023-06-13 00:00:00,FIN-PIPE-V1,ICBC-CN-Finance-2023Q2-MarketCap-2852.7B
2023-06-13 00:00:00,FIN-PIPE-V1,ICBC-CN-Finance-2023Q2-Revenue-475.6B
2023-06-13 00:00:00,FIN-PIPE-V1,ICBC-CN-Finance-2023Q2-EBITDA-115.1B
2024-11-27 00:00:00,FIN-PIPE-V1,ICBC-CN-Finance-2023Q3-MarketCap-1913.9B
2024-11-27 00:00:00,FIN-PIPE-V1,ICBC-CN-Finance-2023Q3-Revenue-227.0B
2024-11-27 00:00:00,FIN-PIPE-V1,ICBC-CN-Finance-2023Q3-EBITDA-59.3B
2024-03-08 00:00:00,FIN-PIPE-V1,ICBC-CN-Finance-2023Q4-MarketCap-1019.6B
2024-03-08 00:00:00,FIN-PIPE-V1,ICBC-CN-Finance-2023Q4-Revenue-337.9B
2024-03-08 00:00:00,FIN-PIPE-V1,ICBC-CN-Finance-2023Q4-EBITDA-150.7B
2024-09-02 00:00:00,FIN-PIPE-V1,ICBC-CN-Finance-2024Q1-MarketCap-2385.2B
2024-09-02 00:00:00,FIN-PIPE-V1,ICBC-CN-Finance-2024Q1-Revenue-395.9B
2024-09-02 00:00:00,FIN-PIPE-V1,ICBC-CN-Finance-2024Q1-EBITDA-19.2B
2023-03-07 00:00:00,FIN-PIPE-V1,ICBC-CN-Finance-2024Q2-MarketCap-1508.5B
2023-03-07 00:00:00,FIN-PIPE-V1,ICBC-CN-Finance-2024Q2-Revenue-33.5B
2023-03-07 00:00:00,FIN-PIPE-V1,ICBC-CN-Finance-2024Q2-EBITDA-110.4B
2024-01-30 00:00:00,FIN-PIPE-V1,ICBC-CN-Finance-2024Q3-MarketCap-1352.5B
2024-01-30 00:00:00,FIN-PIPE-V1,ICBC-CN-Finance-2024Q3-Revenue-444.4B
2024-01-30 00:00:00,FIN-PIPE-V1,ICBC-CN-Finance-2024Q3-EBITDA-70.8B
2024-01-26 00:00:00,FIN-PIPE-V1,ICBC-CN-Finance-2024Q4-MarketCap-395.3B
2024-01-26 00:00:00,FIN-PIPE-V1,ICBC-CN-Finance-2024Q4-Revenue-75.8B
2024-01-26 00:00:00,FIN-PIPE-V1,ICBC-CN-Finance-2024Q4-EBITDA-152.5B
2024-09-02 00:00:00,FIN-PIPE-V1,Shell-UK-Energy-2023Q1-MarketCap-1873.7B
2024-09-02 00:00:00,FIN-PIPE-V1,Shell-UK-Energy-2023Q1-Revenue-55.1B
2024-09-02 00:00:00,FIN-PIPE-V1,Shell-UK-Energy-2023Q1-EBITDA-17.7B
2024-04-24 00:00:00,FIN-PIPE-V1,Shell-UK-Energy-2023Q2-MarketCap-2117.9B
2024-04-24 00:00:00,FIN-PIPE-V1,Shell-UK-Energy-2023Q2-Revenue-41.0B
2024-04-24 00:00:00,FIN-PIPE-V1,Shell-UK-Energy-2023Q2-EBITDA-164.6B
2024-06-25 00:00:00,FIN-PIPE-V1,Shell-UK-Energy-2023Q3-MarketCap-2133.4B
2024-06-25 00:00:00,FIN-PIPE-V1,Shell-UK-Energy-2023Q3-Revenue-45.3B
2024-06-25 00:00:00,FIN-PIPE-V1,Shell-UK-Energy-2023Q3-EBITDA-17.9B
2023-09-15 00:00:00,FIN-PIPE-V1,Shell-UK-Energy-2023Q4-MarketCap-2960.6B
2023-09-15 00:00:00,FIN-PIPE-V1,Shell-UK-Energy-2023Q4-Revenue-190.3B
2023-09-15 00:00:00,FIN-PIPE-V1,Shell-UK-Energy-2023Q4-EBITDA-74.8B
2024-07-20 00:00:00,FIN-PIPE-V1,Shell-UK-Energy-2024Q1-MarketCap-2447.8B
2024-07-20 00:00:00,FIN-PIPE-V1,Shell-UK-Energy-2024Q1-Revenue-473.9B
2024-07-20 00:00:00,FIN-PIPE-V1,Shell-UK-Energy-2024Q1-EBITDA-197.2B
2023-01-12 00:00:00,FIN-PIPE-V1,Shell-UK-Energy-2024Q2-MarketCap-2272.5B
2023-01-12 00:00:00,FIN-PIPE-V1,Shell-UK-Energy-2024Q2-Revenue-191.2B
2023-01-12 00:00:00,FIN-PIPE-V1,Shell-UK-Energy-2024Q2-EBITDA-17.6B
2024-11-27 00:00:00,FIN-PIPE-V1,Shell-UK-Energy-2024Q3-MarketCap-2342.6B
2024-11-27 00:00:00,FIN-PIPE-V1,Shell-UK-Energy-2024Q3-Revenue-281.4B
2024-11-27 00:00:00,FIN-PIPE-V1,Shell-UK-Energy-2024Q3-EBITDA-85.4B
2023-04-28 00:00:00,FIN-PIPE-V1,Shell-UK-Energy-2024Q4-MarketCap-2723.7B
2023-04-28 00:00:00,FIN-PIPE-V1,Shell-UK-Energy-2024Q4-Revenue-60.0B
2023-04-28 00:00:00,FIN-PIPE-V1,Shell-UK-Energy-2024Q4-EBITDA-99.0B
2024-11-29 00:00:00,FIN-PIPE-V1,BP-UK-Energy-2023Q1-MarketCap-83.5B
2024-11-29 00:00:00,FIN-PIPE-V1,BP-UK-Energy-2023Q1-Revenue-237.0B
2024-11-29 00:00:00,FIN-PIPE-V1,BP-UK-Energy-2023Q1-EBITDA-12.2B
2024-07-03 00:00:00,FIN-PIPE-V1,BP-UK-Energy-2023Q2-MarketCap-400.5B
2024-07-03 00:00:00,FIN-PIPE-V1,BP-UK-Energy-2023Q2-Revenue-63.2B
2024-07-03 00:00:00,FIN-PIPE-V1,BP-UK-Energy-2023Q2-EBITDA-130.2B
2023-10-01 00:00:00,FIN-PIPE-V1,BP-UK-Energy-2023Q3-MarketCap-2250.8B
2023-10-01 00:00:00,FIN-PIPE-V1,BP-UK-Energy-2023Q3-Revenue-293.8B
2023-10-01 00:00:00,FIN-PIPE-V1,BP-UK-Energy-2023Q3-EBITDA-192.5B
2024-10-18 00:00:00,FIN-PIPE-V1,BP-UK-Energy-2023Q4-MarketCap-1155.9B
2024-10-18 00:00:00,FIN-PIPE-V1,BP-UK-Energy-2023Q4-Revenue-146.4B
2024-10-18 00:00:00,FIN-PIPE-V1,BP-UK-Energy-2023Q4-EBITDA-173.9B
2023-12-15 00:00:00,FIN-PIPE-V1,BP-UK-Energy-2024Q1-MarketCap-709.6B
2023-12-15 00:00:00,FIN-PIPE-V1,BP-UK-Energy-2024Q1-Revenue-481.8B
2023-12-15 00:00:00,FIN-PIPE-V1,BP-UK-Energy-2024Q1-EBITDA-3.4B
2023-04-25 00:00:00,FIN-PIPE-V1,BP-UK-Energy-2024Q2-MarketCap-2911.1B
2023-04-25 00:00:00,FIN-PIPE-V1,BP-UK-Energy-2024Q2-Revenue-26.4B
2023-04-25 00:00:00,FIN-PIPE-V1,BP-UK-Energy-2024Q2-EBITDA-178.3B
2023-10-28 00:00:00,FIN-PIPE-V1,BP-UK-Energy-2024Q3-MarketCap-1606.7B
2023-10-28 00:00:00,FIN-PIPE-V1,BP-UK-Energy-2024Q3-Revenue-496.5B
2023-10-28 00:00:00,FIN-PIPE-V1,BP-UK-Energy-2024Q3-EBITDA-15.7B
2024-03-21 00:00:00,FIN-PIPE-V1,BP-UK-Energy-2024Q4-MarketCap-1683.9B
2024-03-21 00:00:00,FIN-PIPE-V1,BP-UK-Energy-2024Q4-Revenue-484.8B
2024-03-21 00:00:00,FIN-PIPE-V1,BP-UK-Energy-2024Q4-EBITDA-105.1B
2023-06-11 00:00:00,FIN-PIPE-V1,HSBC-UK-Finance-2023Q1-MarketCap-1906.7B
2023-06-11 00:00:00,FIN-PIPE-V1,HSBC-UK-Finance-2023Q1-Revenue-349.4B
2023-06-11 00:00:00,FIN-PIPE-V1,HSBC-UK-Finance-2023Q1-EBITDA-91.5B
2024-04-09 00:00:00,FIN-PIPE-V1,HSBC-UK-Finance-2023Q2-MarketCap-1901.3B
2024-04-09 00:00:00,FIN-PIPE-V1,HSBC-UK-Finance-2023Q2-Revenue-294.2B
2024-04-09 00:00:00,FIN-PIPE-V1,HSBC-UK-Finance-2023Q2-EBITDA-180.3B
2023-01-04 00:00:00,FIN-PIPE-V1,HSBC-UK-Finance-2023Q3-MarketCap-184.1B
2023-01-04 00:00:00,FIN-PIPE-V1,HSBC-UK-Finance-2023Q3-Revenue-144.1B
2023-01-04 00:00:00,FIN-PIPE-V1,HSBC-UK-Finance-2023Q3-EBITDA-190.1B
2023-09-27 00:00:00,FIN-PIPE-V1,HSBC-UK-Finance-2023Q4-MarketCap-2676.3B
2023-09-27 00:00:00,FIN-PIPE-V1,HSBC-UK-Finance-2023Q4-Revenue-230.6B
2023-09-27 00:00:00,FIN-PIPE-V1,HSBC-UK-Finance-2023Q4-EBITDA-124.4B
2024-05-27 00:00:00,FIN-PIPE-V1,HSBC-UK-Finance-2024Q1-MarketCap-868.3B
2024-05-27 00:00:00,FIN-PIPE-V1,HSBC-UK-Finance-2024Q1-Revenue-98.1B
2024-05-27 00:00:00,FIN-PIPE-V1,HSBC-UK-Finance-2024Q1-EBITDA-93.3B
2023-07-02 00:00:00,FIN-PIPE-V1,HSBC-UK-Finance-2024Q2-MarketCap-1092.4B
2023-07-02 00:00:00,FIN-PIPE-V1,HSBC-UK-Finance-2024Q2-Revenue-293.9B
2023-07-02 00:00:00,FIN-PIPE-V1,HSBC-UK-Finance-2024Q2-EBITDA-16.5B
2024-06-03 00:00:00,FIN-PIPE-V1,HSBC-UK-Finance-2024Q3-MarketCap-2924.5B
2024-06-03 00:00:00,FIN-PIPE-V1,HSBC-UK-Finance-2024Q3-Revenue-493.2B
2024-06-03 00:00:00,FIN-PIPE-V1,HSBC-UK-Finance-2024Q3-EBITDA-139.9B
2023-04-19 00:00:00,FIN-PIPE-V1,HSBC-UK-Finance-2024Q4-MarketCap-1631.5B
2023-04-19 00:00:00,FIN-PIPE-V1,HSBC-UK-Finance-2024Q4-Revenue-158.2B
2023-04-19 00:00:00,FIN-PIPE-V1,HSBC-UK-Finance-2024Q4-EBITDA-162.9B
2024-10-02 00:00:00,FIN-PIPE-V1,TotalEnergies-FR-Energy-2023Q1-MarketCap-2070.0B
2024-10-02 00:00:00,FIN-PIPE-V1,TotalEnergies-FR-Energy-2023Q1-Revenue-85.5B
2024-10-02 00:00:00,FIN-PIPE-V1,TotalEnergies-FR-Energy-2023Q1-EBITDA-182.3B
2023-11-02 00:00:00,FIN-PIPE-V1,TotalEnergies-FR-Energy-2023Q2-MarketCap-2476.5B
2023-11-02 00:00:00,FIN-PIPE-V1,TotalEnergies-FR-Energy-2023Q2-Revenue-475.2B
2023-11-02 00:00:00,FIN-PIPE-V1,TotalEnergies-FR-Energy-2023Q2-EBITDA-145.4B
2024-10-16 00:00:00,FIN-PIPE-V1,TotalEnergies-FR-Energy-2023Q3-MarketCap-1859.6B
2024-10-16 00:00:00,FIN-PIPE-V1,TotalEnergies-FR-Energy-2023Q3-Revenue-212.0B
2024-10-16 00:00:00,FIN-PIPE-V1,TotalEnergies-FR-Energy-2023Q3-EBITDA-186.6B
2024-06-03 00:00:00,FIN-PIPE-V1,TotalEnergies-FR-Energy-2023Q4-MarketCap-2604.9B
2024-06-03 00:00:00,FIN-PIPE-V1,TotalEnergies-FR-Energy-2023Q4-Revenue-27.4B
2024-06-03 00:00:00,FIN-PIPE-V1,TotalEnergies-FR-Energy-2023Q4-EBITDA-6.2B
2024-09-15 00:00:00,FIN-PIPE-V1,TotalEnergies-FR-Energy-2024Q1-MarketCap-1160.6B
2024-09-15 00:00:00,FIN-PIPE-V1,TotalEnergies-FR-Energy-2024Q1-Revenue-406.2B
2024-09-15 00:00:00,FIN-PIPE-V1,TotalEnergies-FR-Energy-2024Q1-EBITDA-197.5B
2023-07-23 00:00:00,FIN-PIPE-V1,TotalEnergies-FR-Energy-2024Q2-MarketCap-493.7B
2023-07-23 00:00:00,FIN-PIPE-V1,TotalEnergies-FR-Energy-2024Q2-Revenue-299.1B
2023-07-23 00:00:00,FIN-PIPE-V1,TotalEnergies-FR-Energy-2024Q2-EBITDA-76.8B
2023-06-06 00:00:00,FIN-PIPE-V1,TotalEnergies-FR-Energy-2024Q3-MarketCap-2911.2B
2023-06-06 00:00:00,FIN-PIPE-V1,TotalEnergies-FR-Energy-2024Q3-Revenue-421.8B
2023-06-06 00:00:00,FIN-PIPE-V1,TotalEnergies-FR-Energy-2024Q3-EBITDA-167.8B
2024-01-18 00:00:00,FIN-PIPE-V1,TotalEnergies-FR-Energy-2024Q4-MarketCap-1432.6B
2024-01-18 00:00:00,FIN-PIPE-V1,TotalEnergies-FR-Energy-2024Q4-Revenue-210.3B
2024-01-18 00:00:00,FIN-PIPE-V1,TotalEnergies-FR-Energy-2024Q4-EBITDA-55.4B
2023-06-15 00:00:00,FIN-PIPE-V1,LVMH-FR-Luxury-2023Q1-MarketCap-216.3B
2023-06-15 00:00:00,FIN-PIPE-V1,LVMH-FR-Luxury-2023Q1-Revenue-433.0B
2023-06-15 00:00:00,FIN-PIPE-V1,LVMH-FR-Luxury-2023Q1-EBITDA-162.8B
2024-07-06 00:00:00,FIN-PIPE-V1,LVMH-FR-Luxury-2023Q2-MarketCap-2999.2B
2024-07-06 00:00:00,FIN-PIPE-V1,LVMH-FR-Luxury-2023Q2-Revenue-498.3B
2024-07-06 00:00:00,FIN-PIPE-V1,LVMH-FR-Luxury-2023Q2-EBITDA-111.5B
2024-06-27 00:00:00,FIN-PIPE-V1,LVMH-FR-Luxury-2023Q3-MarketCap-2318.5B
2024-06-27 00:00:00,FIN-PIPE-V1,LVMH-FR-Luxury-2023Q3-Revenue-472.7B
2024-06-27 00:00:00,FIN-PIPE-V1,LVMH-FR-Luxury-2023Q3-EBITDA-170.1B
2023-01-01 00:00:00,FIN-PIPE-V1,LVMH-FR-Luxury-2023Q4-MarketCap-779.7B
2023-01-01 00:00:00,FIN-PIPE-V1,LVMH-FR-Luxury-2023Q4-Revenue-228.0B
2023-01-01 00:00:00,FIN-PIPE-V1,LVMH-FR-Luxury-2023Q4-EBITDA-26.7B
2024-09-05 00:00:00,FIN-PIPE-V1,LVMH-FR-Luxury-2024Q1-MarketCap-2864.5B
2024-09-05 00:00:00,FIN-PIPE-V1,LVMH-FR-Luxury-2024Q1-Revenue-305.1B
2024-09-05 00:00:00,FIN-PIPE-V1,LVMH-FR-Luxury-2024Q1-EBITDA-46.5B
2023-11-28 00:00:00,FIN-PIPE-V1,LVMH-FR-Luxury-2024Q2-MarketCap-2031.5B
2023-11-28 00:00:00,FIN-PIPE-V1,LVMH-FR-Luxury-2024Q2-Revenue-311.0B
2023-11-28 00:00:00,FIN-PIPE-V1,LVMH-FR-Luxury-2024Q2-EBITDA-72.3B
2024-05-15 00:00:00,FIN-PIPE-V1,LVMH-FR-Luxury-2024Q3-MarketCap-385.0B
2024-05-15 00:00:00,FIN-PIPE-V1,LVMH-FR-Luxury-2024Q3-Revenue-337.4B
2024-05-15 00:00:00,FIN-PIPE-V1,LVMH-FR-Luxury-2024Q3-EBITDA-104.5B
2023-01-20 00:00:00,FIN-PIPE-V1,LVMH-FR-Luxury-2024Q4-MarketCap-2328.3B
2023-01-20 00:00:00,FIN-PIPE-V1,LVMH-FR-Luxury-2024Q4-Revenue-262.5B
2023-01-20 00:00:00,FIN-PIPE-V1,LVMH-FR-Luxury-2024Q4-EBITDA-170.6B
2023-04-25 00:00:00,FIN-PIPE-V1,Airbus-FR-Industrial-2023Q1-MarketCap-1678.1B
2023-04-25 00:00:00,FIN-PIPE-V1,Airbus-FR-Industrial-2023Q1-Revenue-282.7B
2023-04-25 00:00:00,FIN-PIPE-V1,Airbus-FR-Industrial-2023Q1-EBITDA-175.5B
2024-01-07 00:00:00,FIN-PIPE-V1,Airbus-FR-Industrial-2023Q2-MarketCap-1240.3B
2024-01-07 00:00:00,FIN-PIPE-V1,Airbus-FR-Industrial-2023Q2-Revenue-71.3B
2024-01-07 00:00:00,FIN-PIPE-V1,Airbus-FR-Industrial-2023Q2-EBITDA-6.7B
2023-11-11 00:00:00,FIN-PIPE-V1,Airbus-FR-Industrial-2023Q3-MarketCap-2277.7B
2023-11-11 00:00:00,FIN-PIPE-V1,Airbus-FR-Industrial-2023Q3-Revenue-312.1B
2023-11-11 00:00:00,FIN-PIPE-V1,Airbus-FR-Industrial-2023Q3-EBITDA-141.1B
2023-09-03 00:00:00,FIN-PIPE-V1,Airbus-FR-Industrial-2023Q4-MarketCap-678.2B
2023-09-03 00:00:00,FIN-PIPE-V1,Airbus-FR-Industrial-2023Q4-Revenue-72.5B
2023-09-03 00:00:00,FIN-PIPE-V1,Airbus-FR-Industrial-2023Q4-EBITDA-3.9B
2023-03-01 00:00:00,FIN-PIPE-V1,Airbus-FR-Industrial-2024Q1-MarketCap-1084.2B
2023-03-01 00:00:00,FIN-PIPE-V1,Airbus-FR-Industrial-2024Q1-Revenue-297.0B
2023-03-01 00:00:00,FIN-PIPE-V1,Airbus-FR-Industrial-2024Q1-EBITDA-79.1B
2023-09-04 00:00:00,FIN-PIPE-V1,Airbus-FR-Industrial-2024Q2-MarketCap-1340.6B
2023-09-04 00:00:00,FIN-PIPE-V1,Airbus-FR-Industrial-2024Q2-Revenue-452.6B
2023-09-04 00:00:00,FIN-PIPE-V1,Airbus-FR-Industrial-2024Q2-EBITDA-70.3B
2024-08-03 00:00:00,FIN-PIPE-V1,Airbus-FR-Industrial-2024Q3-MarketCap-1566.3B
2024-08-03 00:00:00,FIN-PIPE-V1,Airbus-FR-Industrial-2024Q3-Revenue-392.9B
2024-08-03 00:00:00,FIN-PIPE-V1,Airbus-FR-Industrial-2024Q3-EBITDA-79.9B
2023-03-22 00:00:00,FIN-PIPE-V1,Airbus-FR-Industrial-2024Q4-MarketCap-1885.2B
2023-03-22 00:00:00,FIN-PIPE-V1,Airbus-FR-Industrial-2024Q4-Revenue-431.9B
2023-03-22 00:00:00,FIN-PIPE-V1,Airbus-FR-Industrial-2024Q4-EBITDA-190.0B
2023-03-29 00:00:00,FIN-PIPE-V1,Nestle-CH-Consumer-2023Q1-MarketCap-483.9B
2023-03-29 00:00:00,FIN-PIPE-V1,Nestle-CH-Consumer-2023Q1-Revenue-463.7B
2023-03-29 00:00:00,FIN-PIPE-V1,Nestle-CH-Consumer-2023Q1-EBITDA-98.9B
2024-05-12 00:00:00,FIN-PIPE-V1,Nestle-CH-Consumer-2023Q2-MarketCap-811.8B
2024-05-12 00:00:00,FIN-PIPE-V1,Nestle-CH-Consumer-2023Q2-Revenue-232.3B
2024-05-12 00:00:00,FIN-PIPE-V1,Nestle-CH-Consumer-2023Q2-EBITDA-196.0B
2023-03-12 00:00:00,FIN-PIPE-V1,Nestle-CH-Consumer-2023Q3-MarketCap-1503.2B
2023-03-12 00:00:00,FIN-PIPE-V1,Nestle-CH-Consumer-2023Q3-Revenue-167.7B
2023-03-12 00:00:00,FIN-PIPE-V1,Nestle-CH-Consumer-2023Q3-EBITDA-127.0B
2024-06-29 00:00:00,FIN-PIPE-V1,Nestle-CH-Consumer-2023Q4-MarketCap-758.4B
2024-06-29 00:00:00,FIN-PIPE-V1,Nestle-CH-Consumer-2023Q4-Revenue-42.6B
2024-06-29 00:00:00,FIN-PIPE-V1,Nestle-CH-Consumer-2023Q4-EBITDA-26.6B
2023-05-09 00:00:00,FIN-PIPE-V1,Nestle-CH-Consumer-2024Q1-MarketCap-427.7B
2023-05-09 00:00:00,FIN-PIPE-V1,Nestle-CH-Consumer-2024Q1-Revenue-80.2B
2023-05-09 00:00:00,FIN-PIPE-V1,Nestle-CH-Consumer-2024Q1-EBITDA-28.6B
2023-05-12 00:00:00,FIN-PIPE-V1,Nestle-CH-Consumer-2024Q2-MarketCap-1940.6B
2023-05-12 00:00:00,FIN-PIPE-V1,Nestle-CH-Consumer-2024Q2-Revenue-95.0B
2023-05-12 00:00:00,FIN-PIPE-V1,Nestle-CH-Consumer-2024Q2-EBITDA-69.8B
2024-11-06 00:00:00,FIN-PIPE-V1,Nestle-CH-Consumer-2024Q3-MarketCap-2695.5B
2024-11-06 00:00:00,FIN-PIPE-V1,Nestle-CH-Consumer-2024Q3-Revenue-239.6B
2024-11-06 00:00:00,FIN-PIPE-V1,Nestle-CH-Consumer-2024Q3-EBITDA-133.8B
2024-05-01 00:00:00,FIN-PIPE-V1,Nestle-CH-Consumer-2024Q4-MarketCap-558.3B
2024-05-01 00:00:00,FIN-PIPE-V1,Nestle-CH-Consumer-2024Q4-Revenue-100.2B
2024-05-01 00:00:00,FIN-PIPE-V1,Nestle-CH-Consumer-2024Q4-EBITDA-9.1B
2024-07-16 00:00:00,FIN-PIPE-V1,Novartis-CH-Healthcare-2023Q1-MarketCap-548.4B
2024-07-16 00:00:00,FIN-PIPE-V1,Novartis-CH-Healthcare-2023Q1-Revenue-142.9B
2024-07-16 00:00:00,FIN-PIPE-V1,Novartis-CH-Healthcare-2023Q1-EBITDA-36.2B
2023-06-19 00:00:00,FIN-PIPE-V1,Novartis-CH-Healthcare-2023Q2-MarketCap-311.7B
2023-06-19 00:00:00,FIN-PIPE-V1,Novartis-CH-Healthcare-2023Q2-Revenue-64.7B
2023-06-19 00:00:00,FIN-PIPE-V1,Novartis-CH-Healthcare-2023Q2-EBITDA-92.7B
2023-09-29 00:00:00,FIN-PIPE-V1,Novartis-CH-Healthcare-2023Q3-MarketCap-658.7B
2023-09-29 00:00:00,FIN-PIPE-V1,Novartis-CH-Healthcare-2023Q3-Revenue-185.3B
2023-09-29 00:00:00,FIN-PIPE-V1,Novartis-CH-Healthcare-2023Q3-EBITDA-101.2B
2024-06-24 00:00:00,FIN-PIPE-V1,Novartis-CH-Healthcare-2023Q4-MarketCap-2086.7B
2024-06-24 00:00:00,FIN-PIPE-V1,Novartis-CH-Healthcare-2023Q4-Revenue-24.5B
2024-06-24 00:00:00,FIN-PIPE-V1,Novartis-CH-Healthcare-2023Q4-EBITDA-160.1B
2024-09-13 00:00:00,FIN-PIPE-V1,Novartis-CH-Healthcare-2024Q1-MarketCap-1902.3B
2024-09-13 00:00:00,FIN-PIPE-V1,Novartis-CH-Healthcare-2024Q1-Revenue-45.5B
2024-09-13 00:00:00,FIN-PIPE-V1,Novartis-CH-Healthcare-2024Q1-EBITDA-174.8B
2024-03-09 00:00:00,FIN-PIPE-V1,Novartis-CH-Healthcare-2024Q2-MarketCap-2766.6B
2024-03-09 00:00:00,FIN-PIPE-V1,Novartis-CH-Healthcare-2024Q2-Revenue-35.2B
2024-03-09 00:00:00,FIN-PIPE-V1,Novartis-CH-Healthcare-2024Q2-EBITDA-56.1B
2023-08-05 00:00:00,FIN-PIPE-V1,Novartis-CH-Healthcare-2024Q3-MarketCap-2428.3B
2023-08-05 00:00:00,FIN-PIPE-V1,Novartis-CH-Healthcare-2024Q3-Revenue-375.4B
2023-08-05 00:00:00,FIN-PIPE-V1,Novartis-CH-Healthcare-2024Q3-EBITDA-37.7B
2024-07-06 00:00:00,FIN-PIPE-V1,Novartis-CH-Healthcare-2024Q4-MarketCap-667.6B
2024-07-06 00:00:00,FIN-PIPE-V1,Novartis-CH-Healthcare-2024Q4-Revenue-188.4B
2024-07-06 00:00:00,FIN-PIPE-V1,Novartis-CH-Healthcare-2024Q4-EBITDA-97.4B
2024-12-07 00:00:00,FIN-PIPE-V1,Roche-CH-Healthcare-2023Q1-MarketCap-1873.9B
2024-12-07 00:00:00,FIN-PIPE-V1,Roche-CH-Healthcare-2023Q1-Revenue-187.6B
2024-12-07 00:00:00,FIN-PIPE-V1,Roche-CH-Healthcare-2023Q1-EBITDA-93.0B
2023-07-25 00:00:00,FIN-PIPE-V1,Roche-CH-Healthcare-2023Q2-MarketCap-2255.0B
2023-07-25 00:00:00,FIN-PIPE-V1,Roche-CH-Healthcare-2023Q2-Revenue-23.2B
2023-07-25 00:00:00,FIN-PIPE-V1,Roche-CH-Healthcare-2023Q2-EBITDA-51.2B
2024-12-31 00:00:00,FIN-PIPE-V1,Roche-CH-Healthcare-2023Q3-MarketCap-2154.4B
2024-12-31 00:00:00,FIN-PIPE-V1,Roche-CH-Healthcare-2023Q3-Revenue-448.1B
2024-12-31 00:00:00,FIN-PIPE-V1,Roche-CH-Healthcare-2023Q3-EBITDA-102.8B
2023-11-16 00:00:00,FIN-PIPE-V1,Roche-CH-Healthcare-2023Q4-MarketCap-1619.7B
2023-11-16 00:00:00,FIN-PIPE-V1,Roche-CH-Healthcare-2023Q4-Revenue-58.1B
2023-11-16 00:00:00,FIN-PIPE-V1,Roche-CH-Healthcare-2023Q4-EBITDA-90.0B
2024-02-13 00:00:00,FIN-PIPE-V1,Roche-CH-Healthcare-2024Q1-MarketCap-1621.2B
2024-02-13 00:00:00,FIN-PIPE-V1,Roche-CH-Healthcare-2024Q1-Revenue-125.0B
2024-02-13 00:00:00,FIN-PIPE-V1,Roche-CH-Healthcare-2024Q1-EBITDA-54.6B
2024-11-18 00:00:00,FIN-PIPE-V1,Roche-CH-Healthcare-2024Q2-MarketCap-1163.0B
2024-11-18 00:00:00,FIN-PIPE-V1,Roche-CH-Healthcare-2024Q2-Revenue-14.9B
2024-11-18 00:00:00,FIN-PIPE-V1,Roche-CH-Healthcare-2024Q2-EBITDA-65.1B
2024-10-27 00:00:00,FIN-PIPE-V1,Roche-CH-Healthcare-2024Q3-MarketCap-673.8B
2024-10-27 00:00:00,FIN-PIPE-V1,Roche-CH-Healthcare-2024Q3-Revenue-167.1B
2024-10-27 00:00:00,FIN-PIPE-V1,Roche-CH-Healthcare-2024Q3-EBITDA-24.8B
2024-01-18 00:00:00,FIN-PIPE-V1,Roche-CH-Healthcare-2024Q4-MarketCap-2677.1B
2024-01-18 00:00:00,FIN-PIPE-V1,Roche-CH-Healthcare-2024Q4-Revenue-298.8B
2024-01-18 00:00:00,FIN-PIPE-V1,Roche-CH-Healthcare-2024Q4-EBITDA-136.1B
2024-03-24 00:00:00,FIN-PIPE-V1,Total-US-Market-2023Q1-MarketCap-2378.1B
2024-03-24 00:00:00,FIN-PIPE-V1,Total-US-Market-2023Q1-Revenue-251.7B
2024-03-24 00:00:00,FIN-PIPE-V1,Total-US-Market-2023Q1-EBITDA-18.3B
2024-06-13 00:00:00,FIN-PIPE-V1,Total-US-Market-2023Q2-MarketCap-1634.5B
2024-06-13 00:00:00,FIN-PIPE-V1,Total-US-Market-2023Q2-Revenue-295.5B
2024-06-13 00:00:00,FIN-PIPE-V1,Total-US-Market-2023Q2-EBITDA-149.3B
2024-04-07 00:00:00,FIN-PIPE-V1,Total-US-Market-2023Q3-MarketCap-1323.4B
2024-04-07 00:00:00,FIN-PIPE-V1,Total-US-Market-2023Q3-Revenue-68.2B
2024-04-07 00:00:00,FIN-PIPE-V1,Total-US-Market-2023Q3-EBITDA-57.5B
2023-05-04 00:00:00,FIN-PIPE-V1,Total-US-Market-2023Q4-MarketCap-1121.1B
2023-05-04 00:00:00,FIN-PIPE-V1,Total-US-Market-2023Q4-Revenue-324.7B
2023-05-04 00:00:00,FIN-PIPE-V1,Total-US-Market-2023Q4-EBITDA-114.6B
2023-09-11 00:00:00,FIN-PIPE-V1,Total-US-Market-2024Q1-MarketCap-1100.5B
2023-09-11 00:00:00,FIN-PIPE-V1,Total-US-Market-2024Q1-Revenue-493.3B
2023-09-11 00:00:00,FIN-PIPE-V1,Total-US-Market-2024Q1-EBITDA-121.5B
2023-08-19 00:00:00,FIN-PIPE-V1,Total-US-Market-2024Q2-MarketCap-749.8B
2023-08-19 00:00:00,FIN-PIPE-V1,Total-US-Market-2024Q2-Revenue-55.4B
2023-08-19 00:00:00,FIN-PIPE-V1,Total-US-Market-2024Q2-EBITDA-31.4B
2023-03-07 00:00:00,FIN-PIPE-V1,Total-US-Market-2024Q3-MarketCap-775.6B
2023-03-07 00:00:00,FIN-PIPE-V1,Total-US-Market-2024Q3-Revenue-84.5B
2023-03-07 00:00:00,FIN-PIPE-V1,Total-US-Market-2024Q3-EBITDA-38.1B
2023-12-13 00:00:00,FIN-PIPE-V1,Total-US-Market-2024Q4-MarketCap-891.0B
2023-12-13 00:00:00,FIN-PIPE-V1,Total-US-Market-2024Q4-Revenue-90.8B
2023-12-13 00:00:00,FIN-PIPE-V1,Total-US-Market-2024Q4-EBITDA-179.5B
2023-01-22 00:00:00,FIN-PIPE-V1,Total-EU-Market-2023Q1-MarketCap-286.7B
2023-01-22 00:00:00,FIN-PIPE-V1,Total-EU-Market-2023Q1-Revenue-264.6B
2023-01-22 00:00:00,FIN-PIPE-V1,Total-EU-Market-2023Q1-EBITDA-82.7B
2024-08-25 00:00:00,FIN-PIPE-V1,Total-EU-Market-2023Q2-MarketCap-2948.0B
2024-08-25 00:00:00,FIN-PIPE-V1,Total-EU-Market-2023Q2-Revenue-60.5B
2024-08-25 00:00:00,FIN-PIPE-V1,Total-EU-Market-2023Q2-EBITDA-80.2B
2024-07-21 00:00:00,FIN-PIPE-V1,Total-EU-Market-2023Q3-MarketCap-2909.9B
2024-07-21 00:00:00,FIN-PIPE-V1,Total-EU-Market-2023Q3-Revenue-433.4B
2024-07-21 00:00:00,FIN-PIPE-V1,Total-EU-Market-2023Q3-EBITDA-163.6B
2023-08-24 00:00:00,FIN-PIPE-V1,Total-EU-Market-2023Q4-MarketCap-810.8B
2023-08-24 00:00:00,FIN-PIPE-V1,Total-EU-Market-2023Q4-Revenue-89.6B
2023-08-24 00:00:00,FIN-PIPE-V1,Total-EU-Market-2023Q4-EBITDA-134.1B
2024-08-25 00:00:00,FIN-PIPE-V1,Total-EU-Market-2024Q1-MarketCap-2791.7B
2024-08-25 00:00:00,FIN-PIPE-V1,Total-EU-Market-2024Q1-Revenue-280.6B
2024-08-25 00:00:00,FIN-PIPE-V1,Total-EU-Market-2024Q1-EBITDA-114.8B
2023-08-14 00:00:00,FIN-PIPE-V1,Total-EU-Market-2024Q2-MarketCap-875.9B
2023-08-14 00:00:00,FIN-PIPE-V1,Total-EU-Market-2024Q2-Revenue-385.9B
2023-08-14 00:00:00,FIN-PIPE-V1,Total-EU-Market-2024Q2-EBITDA-38.2B
2023-01-08 00:00:00,FIN-PIPE-V1,Total-EU-Market-2024Q3-MarketCap-1004.9B
2023-01-08 00:00:00,FIN-PIPE-V1,Total-EU-Market-2024Q3-Revenue-215.6B
2023-01-08 00:00:00,FIN-PIPE-V1,Total-EU-Market-2024Q3-EBITDA-102.0B
2023-03-14 00:00:00,FIN-PIPE-V1,Total-EU-Market-2024Q4-MarketCap-765.1B
2023-03-14 00:00:00,FIN-PIPE-V1,Total-EU-Market-2024Q4-Revenue-61.8B
2023-03-14 00:00:00,FIN-PIPE-V1,Total-EU-Market-2024Q4-EBITDA-122.5B
2024-12-25 00:00:00,FIN-PIPE-V1,Total-APAC-Market-2023Q1-MarketCap-901.5B
2024-12-25 00:00:00,FIN-PIPE-V1,Total-APAC-Market-2023Q1-Revenue-292.7B
2024-12-25 00:00:00,FIN-PIPE-V1,Total-APAC-Market-2023Q1-EBITDA-31.7B
2024-10-08 00:00:00,FIN-PIPE-V1,Total-APAC-Market-2023Q2-MarketCap-1469.4B
2024-10-08 00:00:00,FIN-PIPE-V1,Total-APAC-Market-2023Q2-Revenue-268.6B
2024-10-08 00:00:00,FIN-PIPE-V1,Total-APAC-Market-2023Q2-EBITDA-11.3B
2023-03-02 00:00:00,FIN-PIPE-V1,Total-APAC-Market-2023Q3-MarketCap-1043.0B
2023-03-02 00:00:00,FIN-PIPE-V1,Total-APAC-Market-2023Q3-Revenue-71.5B
2023-03-02 00:00:00,FIN-PIPE-V1,Total-APAC-Market-2023Q3-EBITDA-13.6B
2023-08-23 00:00:00,FIN-PIPE-V1,Total-APAC-Market-2023Q4-MarketCap-2970.4B
2023-08-23 00:00:00,FIN-PIPE-V1,Total-APAC-Market-2023Q4-Revenue-164.6B
2023-08-23 00:00:00,FIN-PIPE-V1,Total-APAC-Market-2023Q4-EBITDA-162.2B
2023-03-11 00:00:00,FIN-PIPE-V1,Total-APAC-Market-2024Q1-MarketCap-801.2B
2023-03-11 00:00:00,FIN-PIPE-V1,Total-APAC-Market-2024Q1-Revenue-342.3B
2023-03-11 00:00:00,FIN-PIPE-V1,Total-APAC-Market-2024Q1-EBITDA-152.3B
2023-02-02 00:00:00,FIN-PIPE-V1,Total-APAC-Market-2024Q2-MarketCap-1807.1B
2023-02-02 00:00:00,FIN-PIPE-V1,Total-APAC-Market-2024Q2-Revenue-238.4B
2023-02-02 00:00:00,FIN-PIPE-V1,Total-APAC-Market-2024Q2-EBITDA-83.0B
2023-12-05 00:00:00,FIN-PIPE-V1,Total-APAC-Market-2024Q3-MarketCap-1079.2B
2023-12-05 00:00:00,FIN-PIPE-V1,Total-APAC-Market-2024Q3-Revenue-465.1B
2023-12-05 00:00:00,FIN-PIPE-V1,Total-APAC-Market-2024Q3-EBITDA-166.3B
2023-03-14 00:00:00,FIN-PIPE-V1,Total-APAC-Market-2024Q4-MarketCap-2896.8B
2023-03-14 00:00:00,FIN-PIPE-V1,Total-APAC-Market-2024Q4-Revenue-66.5B
2023-03-14 00:00:00,FIN-PIPE-V1,Total-APAC-Market-2024Q4-EBITDA-146.4B
2024-06-10 00:00:00,FIN-PIPE-V1,Global-ALL-Market-2023Q1-MarketCap-2818.1B
2024-06-10 00:00:00,FIN-PIPE-V1,Global-ALL-Market-2023Q1-Revenue-94.7B
2024-06-10 00:00:00,FIN-PIPE-V1,Global-ALL-Market-2023Q1-EBITDA-14.2B
2023-09-01 00:00:00,FIN-PIPE-V1,Global-ALL-Market-2023Q2-MarketCap-2236.3B
2023-09-01 00:00:00,FIN-PIPE-V1,Global-ALL-Market-2023Q2-Revenue-289.4B
2023-09-01 00:00:00,FIN-PIPE-V1,Global-ALL-Market-2023Q2-EBITDA-168.5B
2023-10-13 00:00:00,FIN-PIPE-V1,Global-ALL-Market-2023Q3-MarketCap-462.3B
2023-10-13 00:00:00,FIN-PIPE-V1,Global-ALL-Market-2023Q3-Revenue-398.7B
2023-10-13 00:00:00,FIN-PIPE-V1,Global-ALL-Market-2023Q3-EBITDA-41.1B
2024-11-16 00:00:00,FIN-PIPE-V1,Global-ALL-Market-2023Q4-MarketCap-532.8B
2024-11-16 00:00:00,FIN-PIPE-V1,Global-ALL-Market-2023Q4-Revenue-86.3B
2024-11-16 00:00:00,FIN-PIPE-V1,Global-ALL-Market-2023Q4-EBITDA-163.1B
2024-05-12 00:00:00,FIN-PIPE-V1,Global-ALL-Market-2024Q1-MarketCap-2012.3B
2024-05-12 00:00:00,FIN-PIPE-V1,Global-ALL-Market-2024Q1-Revenue-263.9B
2024-05-12 00:00:00,FIN-PIPE-V1,Global-ALL-Market-2024Q1-EBITDA-72.4B
2023-08-08 00:00:00,FIN-PIPE-V1,Global-ALL-Market-2024Q2-MarketCap-2637.7B
2023-08-08 00:00:00,FIN-PIPE-V1,Global-ALL-Market-2024Q2-Revenue-199.3B
2023-08-08 00:00:00,FIN-PIPE-V1,Global-ALL-Market-2024Q2-EBITDA-163.5B
2024-07-06 00:00:00,FIN-PIPE-V1,Global-ALL-Market-2024Q3-MarketCap-1345.4B
2024-07-06 00:00:00,FIN-PIPE-V1,Global-ALL-Market-2024Q3-Revenue-191.6B
2024-07-06 00:00:00,FIN-PIPE-V1,Global-ALL-Market-2024Q3-EBITDA-93.1B
2023-05-16 00:00:00,FIN-PIPE-V1,Global-ALL-Market-2024Q4-MarketCap-939.1B
2023-05-16 00:00:00,FIN-PIPE-V1,Global-ALL-Market-2024Q4-Revenue-375.1B
2023-05-16 00:00:00,FIN-PIPE-V1,Global-ALL-Market-2024Q4-EBITDA-101.0B
2023-01-01 00:00:00,FIN-PIPE-V1,LVMH-FR-Luxury-2023Q4-Revenue-228.0B
2024-04-07 00:00:00,FIN-PIPE-V1,Total-US-Market-2023Q3-EBITDA-57.5B
2024-01-30 00:00:00,FIN-PIPE-V1,ICBC-CN-Finance-2024Q3-EBITDA-70.8B
2023-07-16 00:00:00,FIN-PIPE-V1,Tesla-US-Automotive-2024Q1-MarketCap-1056.1B
2023-09-29 00:00:00,FIN-PIPE-V1,Hyundai-KR-Automotive-2024Q2-MarketCap-2576.6B
2023-02-27 00:00:00,FIN-PIPE-V1,SoftBank-JP-Finance-2024Q1-EBITDA-108.6B
2024-10-27 00:00:00,FIN-PIPE-V1,Allianz-DE-Finance-2024Q4-Revenue-387.3B
2023-09-27 00:00:00,FIN-PIPE-V1,HSBC-UK-Finance-2023Q4-Revenue-230.6B
2023-06-25 00:00:00,FIN-PIPE-V1,Sony-JP-Tech-2024Q4-EBITDA-104.1B
2023-08-23 00:00:00,FIN-PIPE-V1,SoftBank-JP-Finance-2024Q2-EBITDA-195.2B
2024-10-27 00:00:00,FIN-PIPE-V1,Roche-CH-Healthcare-2024Q3-MarketCap-673.8B
2023-02-02 00:00:00,FIN-PIPE-V1,Siemens-DE-Industrial-2024Q2-Revenue-65.4B
2023-01-04 00:00:00,FIN-PIPE-V1,HSBC-UK-Finance-2023Q3-MarketCap-184.1B
2023-06-11 00:00:00,FIN-PIPE-V1,HSBC-UK-Finance-2023Q1-MarketCap-1906.7B
2023-04-06 00:00:00,FIN-PIPE-V1,Siemens-DE-Industrial-2024Q4-MarketCap-2004.4B
2024-09-05 00:00:00,FIN-PIPE-V1,LVMH-FR-Luxury-2024Q1-Revenue-305.1B
2024-11-06 00:00:00,FIN-PIPE-V1,Nestle-CH-Consumer-2024Q3-Revenue-239.6B
2023-08-14 00:00:00,FIN-PIPE-V1,BMW-DE-Automotive-2023Q4-MarketCap-1888.7B
2023-09-28 00:00:00,FIN-PIPE-V1,Microsoft-US-Tech-2024Q4-Revenue-251.1B
2023-04-04 00:00:00,FIN-PIPE-V1,Alibaba-CN-Tech-2024Q1-EBITDA-150.4B
2024-03-08 00:00:00,FIN-PIPE-V1,Apple-US-Tech-2023Q3-EBITDA-181.6B
2023-12-19 00:00:00,FIN-PIPE-V1,Microsoft-US-Tech-2024Q2-Revenue-261.8B
2024-10-20 00:00:00,FIN-PIPE-V1,Hyundai-KR-Automotive-2023Q3-EBITDA-80.3B
2024-03-24 00:00:00,FIN-PIPE-V1,Total-US-Market-2023Q1-EBITDA-18.3B
2024-06-01 00:00:00,FIN-PIPE-V1,Allianz-DE-Finance-2023Q3-EBITDA-18.6B
2024-07-16 00:00:00,FIN-PIPE-V1,Novartis-CH-Healthcare-2023Q1-Revenue-142.9B
2024-02-13 00:00:00,FIN-PIPE-V1,Roche-CH-Healthcare-2024Q1-MarketCap-1621.2B
2024-12-19 00:00:00,FIN-PIPE-V1,BMW-DE-Automotive-2023Q1-MarketCap-66.3B
2024-04-09 00:00:00,FIN-PIPE-V1,HSBC-UK-Finance-2023Q2-EBITDA-180.3B
2023-04-23 00:00:00,FIN-PIPE-V1,Alibaba-CN-Tech-2024Q3-MarketCap-1540.5B
2023-10-09 00:00:00,FIN-PIPE-V1,SAP-DE-Tech-2023Q4-Revenue-15.2B
2024-10-27 00:00:00,FIN-PIPE-V1,Allianz-DE-Finance-2024Q4-MarketCap-2961.3B
2023-11-11 00:00:00,FIN-PIPE-V1,Airbus-FR-Industrial-2023Q3-EBITDA-141.1B
2024-01-06 00:00:00,FIN-PIPE-V1,Tesla-US-Automotive-2023Q3-Revenue-91.3B
2023-02-27 00:00:00,FIN-PIPE-V1,SoftBank-JP-Finance-2024Q1-EBITDA-108.6B
2023-09-10 00:00:00,FIN-PIPE-V1,Hyundai-KR-Automotive-2024Q4-Revenue-470.4B
2024-10-27 00:00:00,FIN-PIPE-V1,Roche-CH-Healthcare-2024Q3-Revenue-167.1B
2023-12-13 00:00:00,FIN-PIPE-V1,Total-US-Market-2024Q4-EBITDA-179.5B
2023-04-15 00:00:00,FIN-PIPE-V1,Microsoft-US-Tech-2023Q1-EBITDA-64.3B
2024-10-16 00:00:00,FIN-PIPE-V1,SAP-DE-Tech-2023Q1-Revenue-475.6B
2024-07-24 00:00:00,FIN-PIPE-V1,SoftBank-JP-Finance-2023Q1-EBITDA-7.1B
2023-08-14 00:00:00,FIN-PIPE-V1,Total-EU-Market-2024Q2-EBITDA-38.2B
2023-03-12 00:00:00,FIN-PIPE-V1,Nestle-CH-Consumer-2023Q3-EBITDA-127.0B
2024-01-25 00:00:00,FIN-PIPE-V1,GoldmanSachs-US-Finance-2024Q3-EBITDA-130.7B
2024-09-15 00:00:00,FIN-PIPE-V1,TotalEnergies-FR-Energy-2024Q1-EBITDA-197.5B
2023-11-28 00:00:00,FIN-PIPE-V1,LVMH-FR-Luxury-2024Q2-MarketCap-2031.5B
2023-03-12 00:00:00,FIN-PIPE-V1,Nestle-CH-Consumer-2023Q3-MarketCap-1503.2B
2024-05-27 00:00:00,FIN-PIPE-V1,HSBC-UK-Finance-2024Q1-MarketCap-868.3B
2024-07-28 00:00:00,FIN-PIPE-V1,Tencent-CN-Tech-2023Q1-EBITDA-92.2B
2023-09-28 00:00:00,FIN-PIPE-V1,Microsoft-US-Tech-2024Q4-MarketCap-792.8B
2023-03-22 00:00:00,FIN-PIPE-V1,Amazon-US-Tech-2024Q2-EBITDA-126.8B
2023-01-31 00:00:00,FIN-PIPE-V1,Siemens-DE-Industrial-2024Q3-Revenue-455.1B
2024-05-15 00:00:00,FIN-PIPE-V1,LVMH-FR-Luxury-2024Q3-Revenue-337.4B
2023-04-06 00:00:00,FIN-PIPE-V1,Siemens-DE-Industrial-2024Q4-MarketCap-2004.4B
2023-12-30 00:00:00,FIN-PIPE-V1,JPMorgan-US-Finance-2024Q2-EBITDA-99.0B
2024-03-08 00:00:00,FIN-PIPE-V1,Siemens-DE-Industrial-2024Q1-Revenue-53.3B
2023-05-23 00:00:00,FIN-PIPE-V1,Hyundai-KR-Automotive-2024Q3-MarketCap-258.2B
2024-08-25 00:00:00,FIN-PIPE-V1,Total-EU-Market-2024Q1-MarketCap-2791.7B
2024-05-20 00:00:00,FIN-PIPE-V1,Alibaba-CN-Tech-2023Q4-EBITDA-186.2B
2023-01-31 00:00:00,FIN-PIPE-V1,Siemens-DE-Industrial-2024Q3-MarketCap-151.4B
2024-08-20 00:00:00,FIN-PIPE-V1,Tencent-CN-Tech-2024Q2-EBITDA-5.6B
2023-11-16 00:00:00,FIN-PIPE-V1,Roche-CH-Healthcare-2023Q4-MarketCap-1619.7B
2023-08-12 00:00:00,FIN-PIPE-V1,Allianz-DE-Finance-2023Q1-EBITDA-193.9B
2023-08-12 00:00:00,FIN-PIPE-V1,Allianz-DE-Finance-2023Q1-EBITDA-193.9B
2024-11-18 00:00:00,FIN-PIPE-V1,Roche-CH-Healthcare-2024Q2-EBITDA-65.1B
2023-02-27 00:00:00,FIN-PIPE-V1,SoftBank-JP-Finance-2024Q1-MarketCap-202.5B
2024-10-08 00:00:00,FIN-PIPE-V1,Total-APAC-Market-2023Q2-Revenue-268.6B
2023-03-07 00:00:00,FIN-PIPE-V1,ICBC-CN-Finance-2024Q2-MarketCap-1508.5B
2024-01-26 00:00:00,FIN-PIPE-V1,ICBC-CN-Finance-2024Q4-Revenue-75.8B
2024-07-12 00:00:00,FIN-PIPE-V1,Siemens-DE-Industrial-2023Q2-EBITDA-10.2B
2023-01-28 00:00:00,FIN-PIPE-V1,Allianz-DE-Finance-2024Q1-MarketCap-1196.6B
2023-09-27 00:00:00,FIN-PIPE-V1,HSBC-UK-Finance-2023Q4-MarketCap-2676.3B
2024-09-02 00:00:00,FIN-PIPE-V1,ICBC-CN-Finance-2024Q1-MarketCap-2385.2B
2023-08-03 00:00:00,FIN-PIPE-V1,JPMorgan-US-Finance-2024Q3-Revenue-362.6B
2024-11-08 00:00:00,FIN-PIPE-V1,GoldmanSachs-US-Finance-2023Q1-EBITDA-68.5B
2024-06-03 00:00:00,FIN-PIPE-V1,HSBC-UK-Finance-2024Q3-MarketCap-2924.5B
2023-12-30 00:00:00,FIN-PIPE-V1,JPMorgan-US-Finance-2024Q2-EBITDA-99.0B
2023-08-22 00:00:00,FIN-PIPE-V1,GoldmanSachs-US-Finance-2023Q2-EBITDA-179.5B
2023-06-13 00:00:00,FIN-PIPE-V1,Apple-US-Tech-2023Q1-Revenue-216.6B
2023-06-11 00:00:00,FIN-PIPE-V1,HSBC-UK-Finance-2023Q1-MarketCap-1906.7B
2024-02-10 00:00:00,FIN-PIPE-V1,Hyundai-KR-Automotive-2023Q2-Revenue-248.3B
2023-01-08 00:00:00,FIN-PIPE-V1,Total-EU-Market-2024Q3-Revenue-215.6B
2024-12-25 00:00:00,FIN-PIPE-V1,Total-APAC-Market-2023Q1-MarketCap-901.5B
2023-01-26 00:00:00,FIN-PIPE-V1,SAP-DE-Tech-2023Q3-MarketCap-221.3B
2023-10-01 00:00:00,FIN-PIPE-V1,BP-UK-Energy-2023Q3-MarketCap-2250.8B
2024-03-08 00:00:00,FIN-PIPE-V1,ICBC-CN-Finance-2023Q4-Revenue-337.9B
2024-12-19 00:00:00,FIN-PIPE-V1,BMW-DE-Automotive-2023Q1-EBITDA-141.7B
2023-02-18 00:00:00,FIN-PIPE-V1,Alibaba-CN-Tech-2024Q2-MarketCap-2275.9B
2024-08-20 00:00:00,FIN-PIPE-V1,Tencent-CN-Tech-2024Q2-Revenue-423.2B
2023-06-13 00:00:00,FIN-PIPE-V1,Apple-US-Tech-2023Q1-EBITDA-6.1B
2024-10-12 00:00:00,FIN-PIPE-V1,Sony-JP-Tech-2024Q3-Revenue-53.1B
2023-08-27 00:00:00,FIN-PIPE-V1,Allianz-DE-Finance-2023Q2-MarketCap-2336.6B
2023-07-16 00:00:00,FIN-PIPE-V1,Tesla-US-Automotive-2024Q1-Revenue-61.2B
2024-01-25 00:00:00,FIN-PIPE-V1,GoldmanSachs-US-Finance-2024Q3-EBITDA-130.7B
2024-08-03 00:00:00,FIN-PIPE-V1,Samsung-KR-Tech-2024Q1-EBITDA-111.3B
2023-04-23 00:00:00,FIN-PIPE-V1,Alibaba-CN-Tech-2024Q3-EBITDA-64.7B
2023-06-16 00:00:00,FIN-PIPE-V1,JPMorgan-US-Finance-2023Q4-MarketCap-769.8B
2024-11-16 00:00:00,FIN-PIPE-V1,Global-ALL-Market-2023Q4-EBITDA-163.1B
2024-07-16 00:00:00,FIN-PIPE-V1,Novartis-CH-Healthcare-2023Q1-MarketCap-548.4B
2024-05-20 00:00:00,FIN-PIPE-V1,Alibaba-CN-Tech-2023Q4-MarketCap-2340.4B
2023-07-02 00:00:00,FIN-PIPE-V1,HSBC-UK-Finance-2024Q2-Revenue-293.9B
2023-06-13 00:00:00,FIN-PIPE-V1,ICBC-CN-Finance-2023Q2-Revenue-475.6B
2023-03-14 00:00:00,FIN-PIPE-V1,Total-EU-Market-2024Q4-MarketCap-765.1B
2024-07-12 00:00:00,FIN-PIPE-V1,BMW-DE-Automotive-2023Q2-EBITDA-15.7B
2024-06-13 00:00:00,FIN-PIPE-V1,Total-US-Market-2023Q2-EBITDA-149.3B
2023-08-22 00:00:00,FIN-PIPE-V1,GoldmanSachs-US-Finance-2023Q2-Revenue-364.3B
2023-09-11 00:00:00,FIN-PIPE-V1,Total-US-Market-2024Q1-Revenue-493.3B
2023-04-25 00:00:00,FIN-PIPE-V1,Airbus-FR-Industrial-2023Q1-MarketCap-1678.1B
2023-08-09 00:00:00,FIN-PIPE-V1,Apple-US-Tech-2024Q3-Revenue-436.4B
2023-04-14 00:00:00,FIN-PIPE-V1,GoldmanSachs-US-Finance-2024Q2-EBITDA-33.0B
2024-01-23 00:00:00,FIN-PIPE-V1,Amazon-US-Tech-2024Q1-MarketCap-2032.8B
2024-09-15 00:00:00,FIN-PIPE-V1,Sony-JP-Tech-2024Q2-MarketCap-1692.6B
2024-10-16 00:00:00,FIN-PIPE-V1,TotalEnergies-FR-Energy-2023Q3-Revenue-212.0B
2023-11-16 00:00:00,FIN-PIPE-V1,Roche-CH-Healthcare-2023Q4-Revenue-58.1B
2024-08-20 00:00:00,FIN-PIPE-V1,Tencent-CN-Tech-2024Q2-Revenue-423.2B
2023-03-13 00:00:00,FIN-PIPE-V1,Tesla-US-Automotive-2024Q3-MarketCap-2460.8B
2024-08-25 00:00:00,FIN-PIPE-V1,Total-EU-Market-2023Q2-MarketCap-2948.0B
2024-03-08 00:00:00,FIN-PIPE-V1,Siemens-DE-Industrial-2024Q1-Revenue-53.3B
2023-04-25 00:00:00,FIN-PIPE-V1,BP-UK-Energy-2024Q2-MarketCap-2911.1B
2024-03-09 00:00:00,FIN-PIPE-V1,Novartis-CH-Healthcare-2024Q2-EBITDA-56.1B
2023-03-31 00:00:00,FIN-PIPE-V1,Siemens-DE-Industrial-2023Q3-EBITDA-13.9B
2024-11-30 00:00:00,FIN-PIPE-V1,Sony-JP-Tech-2023Q3-EBITDA-192.8B
2023-06-13 00:00:00,FIN-PIPE-V1,Apple-US-Tech-2023Q1-Revenue-216.6B
2023-10-13 00:00:00,FIN-PIPE-V1,Global-ALL-Market-2023Q3-EBITDA-41.1B
2023-04-15 00:00:00,FIN-PIPE-V1,Microsoft-US-Tech-2023Q1-MarketCap-2431.9B
2023-11-19 00:00:00,FIN-PIPE-V1,Samsung-KR-Tech-2024Q2-Revenue-212.7B
2024-01-18 00:00:00,FIN-PIPE-V1,TotalEnergies-FR-Energy-2024Q4-MarketCap-1432.6B
2024-03-08 00:00:00,FIN-PIPE-V1,ICBC-CN-Finance-2023Q4-MarketCap-1019.6B
2023-08-14 00:00:00,FIN-PIPE-V1,BMW-DE-Automotive-2023Q4-EBITDA-13.6B
2023-03-02 00:00:00,FIN-PIPE-V1,Total-APAC-Market-2023Q3-Revenue-71.5B
2024-06-03 00:00:00,FIN-PIPE-V1,TotalEnergies-FR-Energy-2023Q4-Revenue-27.4B
2023-10-12 00:00:00,FIN-PIPE-V1,Apple-US-Tech-2024Q1-EBITDA-58.7B
2024-11-23 00:00:00,FIN-PIPE-V1,Siemens-DE-Industrial-2023Q1-EBITDA-40.7B
2024-04-18 00:00:00,FIN-PIPE-V1,Toyota-JP-Automotive-2023Q4-Revenue-258.1B
2023-06-13 00:00:00,FIN-PIPE-V1,ICBC-CN-Finance-2023Q2-MarketCap-2852.7B
2023-03-09 00:00:00,FIN-PIPE-V1,Samsung-KR-Tech-2023Q3-Revenue-128.9B
2023-03-31 00:00:00,FIN-PIPE-V1,Siemens-DE-Industrial-2023Q3-Revenue-89.4B
2023-06-17 00:00:00,FIN-PIPE-V1,Toyota-JP-Automotive-2023Q3-Revenue-406.0B
2023-03-14 00:00:00,FIN-PIPE-V1,Total-EU-Market-2024Q4-Revenue-61.8B
2023-09-01 00:00:00,FIN-PIPE-V1,Global-ALL-Market-2023Q2-MarketCap-2236.3B
2024-07-12 00:00:00,FIN-PIPE-V1,Siemens-DE-Industrial-2023Q2-EBITDA-10.2B
2024-06-30 00:00:00,FIN-PIPE-V1,Toyota-JP-Automotive-2023Q1-EBITDA-139.7B
2023-11-02 00:00:00,FIN-PIPE-V1,TotalEnergies-FR-Energy-2023Q2-MarketCap-2476.5B
2023-07-02 00:00:00,FIN-PIPE-V1,HSBC-UK-Finance-2024Q2-Revenue-293.9B
2023-06-25 00:00:00,FIN-PIPE-V1,Sony-JP-Tech-2024Q4-EBITDA-104.1B
2024-11-27 00:00:00,FIN-PIPE-V1,ICBC-CN-Finance-2023Q3-EBITDA-59.3B
2024-03-24 00:00:00,FIN-PIPE-V1,Total-US-Market-2023Q1-EBITDA-18.3B
2023-09-01 00:00:00,FIN-PIPE-V1,Global-ALL-Market-2023Q2-Revenue-289.4B
2024-01-07 00:00:00,FIN-PIPE-V1,Airbus-FR-Industrial-2023Q2-EBITDA-6.7B
2023-08-14 00:00:00,FIN-PIPE-V1,Total-EU-Market-2024Q2-Revenue-385.9B
2024-01-06 00:00:00,FIN-PIPE-V1,Tesla-US-Automotive-2023Q3-EBITDA-138.5B
2023-04-15 00:00:00,FIN-PIPE-V1,Microsoft-US-Tech-2023Q1-MarketCap-2431.9B
2024-11-06 00:00:00,FIN-PIPE-V1,Nestle-CH-Consumer-2024Q3-Revenue-239.6B
2023-04-10 00:00:00,FIN-PIPE-V1,Microsoft-US-Tech-2023Q4-EBITDA-45.2B
2023-02-02 00:00:00,FIN-PIPE-V1,SoftBank-JP-Finance-2024Q3-MarketCap-1573.1B
2024-01-03 00:00:00,FIN-PIPE-V1,Microsoft-US-Tech-2024Q1-Revenue-172.1B
2023-08-14 00:00:00,FIN-PIPE-V1,Total-EU-Market-2024Q2-MarketCap-875.9B
2023-03-12 00:00:00,FIN-PIPE-V1,Nestle-CH-Consumer-2023Q3-MarketCap-1503.2B
2023-02-02 00:00:00,FIN-PIPE-V1,SoftBank-JP-Finance-2024Q3-MarketCap-1573.1B
2024-06-03 00:00:00,FIN-PIPE-V1,HSBC-UK-Finance-2024Q3-MarketCap-2924.5B
2024-05-15 00:00:00,FIN-PIPE-V1,LVMH-FR-Luxury-2024Q3-MarketCap-385.0B
2024-12-22 00:00:00,FIN-PIPE-V1,Tesla-US-Automotive-2024Q2-Revenue-132.7B
2023-12-11 00:00:00,FIN-PIPE-V1,Apple-US-Tech-2024Q4-Revenue-446.8B
2023-07-23 00:00:00,FIN-PIPE-V1,TotalEnergies-FR-Energy-2024Q2-EBITDA-76.8B
2024-10-17 00:00:00,FIN-PIPE-V1,Toyota-JP-Automotive-2024Q3-EBITDA-116.1B
2024-07-12 00:00:00,FIN-PIPE-V1,Siemens-DE-Industrial-2023Q2-Revenue-298.2B
2023-05-27 00:00:00,FIN-PIPE-V1,Hyundai-KR-Automotive-2024Q1-EBITDA-101.1B
2024-04-15 00:00:00,FIN-PIPE-V1,Amazon-US-Tech-2023Q2-Revenue-30.5B
2023-08-24 00:00:00,FIN-PIPE-V1,Total-EU-Market-2023Q4-EBITDA-134.1B
2024-10-12 00:00:00,FIN-PIPE-V1,Sony-JP-Tech-2024Q3-EBITDA-123.4B
2024-06-24 00:00:00,FIN-PIPE-V1,Novartis-CH-Healthcare-2023Q4-Revenue-24.5B
2024-03-24 00:00:00,FIN-PIPE-V1,Total-US-Market-2023Q1-MarketCap-2378.1B
2023-10-28 00:00:00,FIN-PIPE-V1,Amazon-US-Tech-2024Q4-MarketCap-2514.1B
2023-09-27 00:00:00,FIN-PIPE-V1,HSBC-UK-Finance-2023Q4-EBITDA-124.4B
2024-12-02 00:00:00,FIN-PIPE-V1,SoftBank-JP-Finance-2023Q3-EBITDA-154.2B
2023-04-14 00:00:00,FIN-PIPE-V1,GoldmanSachs-US-Finance-2024Q2-MarketCap-2007.3B
2023-08-27 00:00:00,FIN-PIPE-V1,Allianz-DE-Finance-2023Q2-MarketCap-2336.6B
2023-03-22 00:00:00,FIN-PIPE-V1,Airbus-FR-Industrial-2024Q4-EBITDA-190.0B
2023-06-25 00:00:00,FIN-PIPE-V1,Sony-JP-Tech-2024Q4-MarketCap-2970.7B
2024-02-13 00:00:00,FIN-PIPE-V1,Tencent-CN-Tech-2024Q3-MarketCap-2452.7B
2024-10-02 00:00:00,FIN-PIPE-V1,TotalEnergies-FR-Energy-2023Q1-Revenue-85.5B
2023-07-25 00:00:00,FIN-PIPE-V1,Roche-CH-Healthcare-2023Q2-MarketCap-2255.0B
2024-11-30 00:00:00,FIN-PIPE-V1,Sony-JP-Tech-2023Q3-MarketCap-1313.1B
2023-05-23 00:00:00,FIN-PIPE-V1,SAP-DE-Tech-2024Q3-EBITDA-122.8B
2024-06-13 00:00:00,FIN-PIPE-V1,Total-US-Market-2023Q2-Revenue-295.5B
2024-11-08 00:00:00,FIN-PIPE-V1,GoldmanSachs-US-Finance-2023Q1-EBITDA-68.5B
2024-01-26 00:00:00,FIN-PIPE-V1,ICBC-CN-Finance-2024Q4-EBITDA-152.5B
2024-11-16 00:00:00,FIN-PIPE-V1,Global-ALL-Market-2023Q4-EBITDA-163.1B
2024-07-12 00:00:00,FIN-PIPE-V1,Siemens-DE-Industrial-2023Q2-Revenue-298.2B
2023-09-15 00:00:00,FIN-PIPE-V1,Shell-UK-Energy-2023Q4-EBITDA-74.8B
2024-09-15 00:00:00,FIN-PIPE-V1,Sony-JP-Tech-2024Q2-EBITDA-139.5B
2024-06-29 00:00:00,FIN-PIPE-V1,Nestle-CH-Consumer-2023Q4-MarketCap-758.4B
2024-08-03 00:00:00,FIN-PIPE-V1,Samsung-KR-Tech-2024Q1-MarketCap-2866.9B
2024-05-12 00:00:00,FIN-PIPE-V1,Global-ALL-Market-2024Q1-MarketCap-2012.3B
2024-04-04 00:00:00,FIN-PIPE-V1,BMW-DE-Automotive-2024Q1-EBITDA-146.2B
2023-12-13 00:00:00,FIN-PIPE-V1,Total-US-Market-2024Q4-MarketCap-891.0B
2023-09-28 00:00:00,FIN-PIPE-V1,Microsoft-US-Tech-2024Q4-MarketCap-792.8B
2024-08-27 00:00:00,FIN-PIPE-V1,Siemens-DE-Industrial-2023Q4-MarketCap-2849.2B
2024-08-03 00:00:00,FIN-PIPE-V1,Samsung-KR-Tech-2024Q1-MarketCap-2866.9B
2023-08-13 00:00:00,FIN-PIPE-V1,Alibaba-CN-Tech-2023Q1-EBITDA-57.1B
2024-07-16 00:00:00,FIN-PIPE-V1,Novartis-CH-Healthcare-2023Q1-MarketCap-548.4B
2024-10-16 00:00:00,FIN-PIPE-V1,TotalEnergies-FR-Energy-2023Q3-Revenue-212.0B
2024-10-08 00:00:00,FIN-PIPE-V1,Total-APAC-Market-2023Q2-MarketCap-1469.4B
2024-05-15 00:00:00,FIN-PIPE-V1,LVMH-FR-Luxury-2024Q3-EBITDA-104.5B
2023-02-14 00:00:00,FIN-PIPE-V1,Amazon-US-Tech-2023Q1-EBITDA-122.3B
2023-03-09 00:00:00,FIN-PIPE-V1,Samsung-KR-Tech-2023Q3-EBITDA-110.3B
2023-08-23 00:00:00,FIN-PIPE-V1,Total-APAC-Market-2023Q4-MarketCap-2970.4B
2024-08-25 00:00:00,FIN-PIPE-V1,Total-EU-Market-2024Q1-Revenue-280.6B
2023-10-01 00:00:00,FIN-PIPE-V1,BP-UK-Energy-2023Q3-Revenue-293.8B
2024-05-27 00:00:00,FIN-PIPE-V1,HSBC-UK-Finance-2024Q1-Revenue-98.1B
2023-10-12 00:00:00,FIN-PIPE-V1,BMW-DE-Automotive-2024Q3-EBITDA-152.4B
2023-12-13 00:00:00,FIN-PIPE-V1,Total-US-Market-2024Q4-MarketCap-891.0B
2024-08-20 00:00:00,FIN-PIPE-V1,Tencent-CN-Tech-2024Q2-EBITDA-5.6B
2023-07-02 00:00:00,FIN-PIPE-V1,HSBC-UK-Finance-2024Q2-Revenue-293.9B
2023-10-01 00:00:00,FIN-PIPE-V1,Sony-JP-Tech-2023Q1-EBITDA-183.1B
2024-09-15 00:00:00,FIN-PIPE-V1,TotalEnergies-FR-Energy-2024Q1-EBITDA-197.5B
2023-06-13 00:00:00,FIN-PIPE-V1,ICBC-CN-Finance-2023Q2-Revenue-475.6B
2023-09-28 00:00:00,FIN-PIPE-V1,Microsoft-US-Tech-2024Q4-Revenue-251.1B
2024-05-27 00:00:00,FIN-PIPE-V1,HSBC-UK-Finance-2024Q1-EBITDA-93.3B
2024-10-17 00:00:00,FIN-PIPE-V1,Toyota-JP-Automotive-2024Q3-MarketCap-1158.0B
2024-01-07 00:00:00,FIN-PIPE-V1,Airbus-FR-Industrial-2023Q2-Revenue-71.3B
2023-04-10 00:00:00,FIN-PIPE-V1,Microsoft-US-Tech-2023Q4-MarketCap-1556.7B
2023-03-07 00:00:00,FIN-PIPE-V1,ICBC-CN-Finance-2024Q2-MarketCap-1508.5B
2023-02-27 00:00:00,FIN-PIPE-V1,SoftBank-JP-Finance-2024Q1-EBITDA-108.6B
2023-08-05 00:00:00,FIN-PIPE-V1,Novartis-CH-Healthcare-2024Q3-EBITDA-37.7B
2023-06-16 00:00:00,FIN-PIPE-V1,JPMorgan-US-Finance-2023Q4-Revenue-486.6B
2024-01-23 00:00:00,FIN-PIPE-V1,Amazon-US-Tech-2024Q1-MarketCap-2032.8B
2023-03-12 00:00:00,FIN-PIPE-V1,Nestle-CH-Consumer-2023Q3-EBITDA-127.0B
2024-11-27 00:00:00,FIN-PIPE-V1,Shell-UK-Energy-2024Q3-Revenue-281.4B
2024-11-17 00:00:00,FIN-PIPE-V1,JPMorgan-US-Finance-2024Q4-EBITDA-36.2B
2023-11-19 00:00:00,FIN-PIPE-V1,Samsung-KR-Tech-2024Q2-Revenue-212.7B
2023-04-19 00:00:00,FIN-PIPE-V1,HSBC-UK-Finance-2024Q4-Revenue-158.2B
2024-02-13 00:00:00,FIN-PIPE-V1,Tencent-CN-Tech-2024Q3-EBITDA-24.5B
2023-05-09 00:00:00,FIN-PIPE-V1,Nestle-CH-Consumer-2024Q1-EBITDA-28.6B
2023-12-05 00:00:00,FIN-PIPE-V1,Total-APAC-Market-2024Q3-MarketCap-1079.2B
2024-05-15 00:00:00,FIN-PIPE-V1,LVMH-FR-Luxury-2024Q3-Revenue-337.4B
2023-09-27 00:00:00,FIN-PIPE-V1,HSBC-UK-Finance-2023Q4-Revenue-230.6B
2024-01-25 00:00:00,FIN-PIPE-V1,GoldmanSachs-US-Finance-2024Q3-Revenue-347.5B
2024-05-27 00:00:00,FIN-PIPE-V1,HSBC-UK-Finance-2024Q1-Revenue-98.1B
2024-07-03 00:00:00,FIN-PIPE-V1,BP-UK-Energy-2023Q2-Revenue-63.2B
2024-10-27 00:00:00,FIN-PIPE-V1,Allianz-DE-Finance-2024Q4-MarketCap-2961.3B
2023-03-11 00:00:00,FIN-PIPE-V1,Total-APAC-Market-2024Q1-MarketCap-801.2B
2024-01-06 00:00:00,FIN-PIPE-V1,Tesla-US-Automotive-2023Q3-MarketCap-1953.3B
2024-01-15 00:00:00,FIN-PIPE-V1,JPMorgan-US-Finance-2024Q1-EBITDA-159.2B
2024-07-16 00:00:00,FIN-PIPE-V1,Novartis-CH-Healthcare-2023Q1-MarketCap-548.4B
2023-10-12 00:00:00,FIN-PIPE-V1,Apple-US-Tech-2024Q1-Revenue-43.1B
2024-08-27 00:00:00,FIN-PIPE-V1,Siemens-DE-Industrial-2023Q4-Revenue-483.0B
2024-05-12 00:00:00,FIN-PIPE-V1,Global-ALL-Market-2024Q1-MarketCap-2012.3B
2023-04-28 00:00:00,FIN-PIPE-V1,Shell-UK-Energy-2024Q4-Revenue-60.0B
2024-08-03 00:00:00,FIN-PIPE-V1,Airbus-FR-Industrial-2024Q3-Revenue-392.9B
